Sentence,Anger,Anticipation,Disgust,Fear,Joy,Sadness,Surprise,Trust,Label
rt morningjewshow speaking jews comedy tonight temple emanu el san francisco words high holidays,1,0,0,0,0,0,0,0,neg
age face recognition thing reason platforms changing avatars actual faces increase affect better communication,0,0,0,0,0,0,0,1,pos
upside moment think network news booked baltimore panels bill cosby fb,0,1,0,0,0,0,0,0,pos
going think create experiences need broad knowledge human experience peopleoverinterfaces ux,0,0,0,0,1,0,0,0,pos
watching thread fb possible future ux speaker crowd suggestions seem white american dudes dream broadly people,0,1,0,0,1,0,0,1,pos
rt thepatrickwalsh kriss kross rapped try rhyme rhyme like rhymed jump jump,0,0,0,0,2,0,0,0,pos
thelancearthur hotdogsladies realize anyone ever made dessert,0,0,0,0,0,0,0,0,neg
wkamaubell stand want men telling sexist either people experts experience,0,0,0,0,0,0,0,0,neg
frogtosser thank becca,0,0,0,0,0,0,0,0,neg
deray thank,0,0,0,0,0,0,0,0,neg
rt iamsakuma hundreds people union square march uptown via th avenue blacklivesmatter http co r x wzem j,0,0,0,0,0,0,0,0,neg
leadership tech oths stop sound system front plaza disturbing neighborhood,0,1,0,0,0,0,0,1,pos
infuriating oakland pd tell authority anything thing school would,0,0,0,0,0,0,0,2,pos
best part heading toronto month hear school system councilmember dankalb ignored,0,0,0,0,0,0,0,2,pos
oakland tech got stadium level audio going giant crowd ppl front skul ignoring neighborhood,0,1,0,1,0,0,0,1,pos
twibnation grassroots media covering ground baltimore ferguson blacklivesmatter movement,0,0,0,0,0,0,0,1,pos
rt camerontw fingers crossed need good news rt pkedrosky ben horowitz lyft investor says uber losing order billion,1,1,0,0,1,1,1,1,pos
grandparents meet mine involved guy named mooch gluskin howigothere fb,0,0,0,0,0,0,0,0,neg
rt ozchrisrock media gonna show pic baltimore citizen lining protect police http c,0,0,0,1,0,0,0,2,pos
studiomondeo sticking mailbox switched phone weirding,0,0,0,0,0,0,0,0,neg
joni mitchell joni mitchell joni mitchell,0,0,0,0,0,0,0,0,neg
bowling alley japanese toilet seats surprise google today wait women bathroom,0,1,1,1,1,0,1,0,pos
rt joshaclu question someone going rule marriage equality http co staktjvgsg,0,1,0,1,2,0,0,3,pos
ellenpapadakis completely separate note,0,0,0,0,0,0,0,0,neg
ellenpapadakis hey civ pro oregon bakery case,0,0,0,1,0,1,0,0,neg
ellenpapadakis best thing world would get epc think,0,0,0,0,0,0,0,0,neg
ellenpapadakis provided claim legit public policy exception thought state whatever wants enough,0,2,0,0,0,0,0,1,pos
ellenpapadakis ancient recollection provided course nothing hanged always really ffand c,0,0,0,0,0,0,0,0,neg
ellenpapadakis giving talk able listen read mentioned facts life,0,0,0,0,0,0,0,1,pos
bookmeister studiomondeo nope thanks giving shot,1,0,0,1,0,1,1,0,neg
finding mailbox either crashing hanging happening,1,0,1,1,0,1,0,0,neg
jshahryar except desire design game called cocktail party worked bill gross first cd rom start,0,1,1,0,0,0,0,0,neg
jshahryar game really enjoyed one much galaga added two buttons game forgot genre,0,0,0,0,0,0,0,0,neg
scottjohnson keep em,0,0,0,0,0,0,0,0,neg
joan rivers get mark twain award posthumously next year twainforjoan fb,0,1,0,0,1,0,1,1,pos
sharkyl aw every nerd knows social cue miss used tech biz btw bandagon looks v cool,0,1,0,0,0,0,0,0,pos
sharkyl seemed like maybe nice shook hand went ironically niagara falls ny,0,0,0,0,0,0,0,0,neg
thxmt sharkyl heathr great set thur st time seeing talking guy actually sweet disablities handled great,0,2,0,0,1,0,1,1,pos
sharkyl sad,0,0,0,0,0,0,0,0,neg
lizgannes congrats,0,0,0,0,0,0,0,0,neg
kenyatta jah justin show great made miss conversation great making inspiration,0,1,0,0,1,0,0,1,pos
dearsarah already successful hero making strides upstart every woman every person bit go,0,2,0,0,2,0,1,2,pos
dearsarah yup reminds streep quotes witw core challenge get men identify women protagonists,1,0,0,1,0,0,0,0,neg
rt dearsarah heathr similarly though majority twitter bod graduate college hillary clinton initially consider,0,0,0,0,1,0,0,1,pos
dearsarah reminds people responded idea female host tds already proven double standard limiting,0,0,0,0,0,0,0,1,pos
burstofbeaden congrats jon,0,0,0,0,0,0,0,0,neg
ripplecreeknw sprawlgeek disagree tech makes people behave badly responsibility lies us humans,1,0,0,0,0,1,0,0,neg
twitter good enough history gender read way jlp heathr headline news facetious,0,1,0,0,1,0,1,1,pos
believe hell hard find ugly feminist jewish,1,0,2,1,0,1,0,0,neg
really twitter wrote encapsulation trend dickc ev rosenblattdavid karaswisher http co ushk wzp h,0,0,0,0,0,0,0,0,neg
page interesting way world capital believes hack usefulness spiritual practice without spirituality,0,0,0,0,0,0,0,0,neg
documentally maintenance change appealing,0,0,0,1,0,0,0,1,neg
jenafriedman guessing hundreds something publicly spoken,0,0,0,0,0,0,0,0,neg
picked another spectacular middle aged accomplishment slept night last night newsuperpower fb,0,1,0,0,0,0,1,0,pos
elisac sprawlgeek privileging corporate liability shield politics positive connection responsibility,1,0,0,0,0,0,0,0,neg
elisac sprawlgeek things together together erasure uniqueness,0,0,0,0,0,0,0,0,neg
elisac sprawlgeek believe bigger broader older current tech biz core emotional issue,0,0,0,0,0,1,0,0,neg
elisac sprawlgeek sustained value dismantling shared resources sense shared involvement ie public education,1,1,0,0,1,0,0,1,pos
elisac sprawlgeek think lot problem big capital funds names know direction invest exits vs,0,0,0,1,0,1,0,0,neg
sarahgranger elisac dooce makes life better business tech law medicine etc serve people reverse,0,0,0,0,0,0,0,2,pos
sprawlgeek elisac mylifeasaghost ripplecreeknw cyberselfish book paulina borsook saw happening tech first,0,0,0,0,0,0,0,0,neg
elisac saw women thing hollywood casting prove keep work,0,0,0,0,0,0,0,0,neg
oy vey price elisac heathr hey selected booth babes booths act cool notproud,0,0,0,0,0,0,0,0,neg
ripplecreeknw thanks v kind,0,0,0,0,1,0,0,1,pos
elisac web felt clearly like people lots early women inc dooce early blogging pre blogging software v human,0,0,0,0,0,0,0,0,neg
elisac really interesting early web times felt like liberal arts nerd table bonanza hardware mature biz ie booth babes,0,0,0,0,1,0,0,0,pos
rt elisac heathr ah see traditional tech hardware systems internet early oughts super male dominated,0,0,0,0,0,0,0,0,neg
elisac still part group called end humanizing capital laid waste impulses leading,0,0,1,0,0,0,0,1,neg
elisac felt better woman coming early web valley bc women product hollywood,0,1,0,0,0,0,0,0,pos
elisac mylifeasaghost wrote cyberselfish early saw impulse first right would rule,0,0,0,1,0,0,0,1,neg
elisac general leftover hippiness still everything well feeling nerd table earnestness,1,1,1,1,1,1,1,2,pos
elisac also culture sharing information ideas problem solving still felt w developers fluentconf week,0,0,0,1,0,1,0,0,neg
elisac developers time time orientation education open people able use stuff,0,2,0,0,0,0,0,0,pos
elisac well coming hollywood seemed entire notion platform meant people trying encourage,0,1,0,0,1,0,0,1,pos
elisac earlier tech community felt full caring centre make healthiness goal scale,0,0,0,0,0,0,0,0,neg
elisac choices connected substituting words choice freedom care,1,0,0,0,1,0,0,1,pos
elisac one even insidious think going last longer upside downside shows dehumanization,1,0,1,1,0,0,0,0,neg
elisac need giant relational reboot look like put well everyone work first inc us,0,0,0,1,0,0,0,0,neg
elisac focussed amazing ux customers create good things critical creating fetish,0,1,0,0,2,0,1,1,pos
elisac absolutely many businesses funded way presume obligation employees,0,0,0,0,0,0,0,0,neg
rt elisac heathr makes concerned abt sharing collaborative economy economy unless change social appr,0,0,0,2,0,1,0,2,neg
elisac otherwise building matrix entrap way use capital choice many see magically charge,0,0,0,0,0,0,0,0,neg
elisac culture says shines tech support good life interested,0,1,1,0,1,1,1,1,pos
great talks pinboard baconmeteor elisac heathr sounds like heaven lifestylebusiness,0,0,0,0,0,0,0,0,neg
rt elisac heathr build business supports family maybe employees lifestyle enjoy proud con,0,2,0,0,2,0,0,2,pos
rt elisac heathr agree whenever speak publicly abt entrepreneurism mention despite general disdain around term lifesty,1,0,1,0,0,0,0,1,neg
elisac valley capital culture general seek scale else put good life community first,0,2,0,0,1,0,1,2,pos
elisac sure also smaller scale work sustainable good life,0,1,0,0,1,0,1,1,pos
rt elisac heathr well exactly like solo consultant lack scale exists business including one,0,0,0,0,0,0,0,0,neg
elisac blogging mediums go away way use culture changes,0,0,0,0,0,0,0,0,neg
elisac know seems like pretty specific thing limits individual personal blogging large audience,0,2,0,0,1,0,0,2,pos
kottke tcarmody think made change public rock throwing happen would need treat better,1,3,1,2,1,1,1,1,pos
rt afameducation congratulations first black female attorney general united states lorettalynch confirmation http,1,0,0,1,0,1,0,4,pos
rt shannondowney little help folks confused brucejennerabc talking gender identity vs sexual orientation http,0,0,0,0,0,0,0,0,neg
strong focused athletic competitive make man women gender make someone reckon,0,0,0,0,0,0,0,0,neg
bruce jenner one example strong focused athletic women happily qualities restricted one gender,0,0,0,0,1,0,0,0,pos
feminism ending restrictions based gender categories ending restrictions woman brucejenner,0,0,0,0,0,0,0,0,neg
bruce jenner concept woman maybe already wrong woman,0,0,0,0,0,0,0,0,neg
rt thetaskforce beyond bruce jenner transgender women accessed homeless shelter physically assaulted http,1,1,1,1,0,1,0,1,neg
cannot feel known something everyone wants anything ppl come,0,0,0,0,0,0,0,0,neg
coming time always vulnerable powerful kudos bruce jenner everyone else,1,3,1,1,2,0,0,1,pos
case dying curiousity including one timer face yoselftweet fb http co ttjd k b j,1,0,1,2,0,2,0,0,neg
found drive first tournament game california hockey championships fb,0,0,0,0,1,0,0,1,pos
mt harnischfound likely survivor sexualassault drop college thn person found guilty expelled aelizabethclark,1,0,0,0,1,1,0,1,neg
rt joan rivers joan nytimes bestseller paperback new material diaryofamaddiva joanrivers http co nk ghxnfg,0,0,0,0,0,0,0,0,neg
single person looks good baggy wool cap barely clinging noggin fb,0,2,0,0,1,0,1,2,pos
mattthomas apologies interrupting,0,0,0,0,0,0,0,0,neg
mattthomas economic problems imo often extensions form dehumanization wrapped locke sandwich,0,0,0,0,0,0,0,0,neg
mattthomas divide conquer persists unite someone else ass,0,0,0,0,0,0,0,0,neg
mattthomas like us thriving democracy every everyone first nations people,0,1,0,0,1,0,0,0,pos
mattthomas plenty thriving democracy cathart onto minorities ways diffuse real economic problems,0,1,0,0,1,0,0,1,pos
mattthomas know going holocaust museum berlin made pretty clear boom maybe yrs coming,1,2,1,1,1,1,0,1,neg
thejeffdavidson kthalps debs historic,0,0,0,0,0,0,0,0,neg
benjammingh sf minimum wage,0,0,0,0,0,0,0,0,neg
paid park hours mission show fb,0,0,0,0,0,0,0,1,pos
rt sherman alexie number hours per week rick santorum spends deeply thinking gay men,0,0,0,0,0,0,0,0,neg
peterc thanks peter,0,0,0,0,0,0,0,0,neg
annehelen idea happened walk sandlers film v interesting find,0,0,0,0,0,0,0,0,neg
annehelen think problem punching case even aware using someone punching bag,0,0,0,2,0,2,0,0,neg
jenafriedman share sentiment oy headline asked getting started advice always suggest watching bad open mics,1,1,1,1,1,1,0,3,pos
caseymalone pleasure took years dawned feeling good person part damn therapy,2,2,2,1,2,1,2,2,pos
caseymalone toll asking minute free meetings feel whether comfortable w space,0,0,0,0,0,0,0,0,neg
caseymalone really dejecting good place disappointed reach decrease,1,1,1,0,1,1,1,1,pos
caseymalone casey give liking provider critical care good,0,1,0,0,2,0,1,2,pos
yesterday crowd work javascript coders today comedy chabad codeswitch fb,0,0,0,0,0,0,0,0,neg
weezus love,0,0,0,0,1,0,0,0,pos
clevejones grateful work alive xo,0,1,0,0,1,0,0,1,pos
amoskane thank fun talking thanks lez dish enough javascript conferences,0,1,0,0,1,0,0,0,pos
rt amoskane omg met heathr fluentconf real freaking heather gold freaking heather gold glasses everything omggggg,0,0,0,0,0,0,0,1,pos
thejeffdavidson thanks himand morning joe copying us pretty good kthalps,0,2,0,0,2,0,1,2,pos
fluentconf thanks help josh great meet,0,0,0,0,0,0,0,0,neg
rt fluentconf st meetup rocking start talking react w holtbt heathr community lounge fluentconf http,1,1,0,1,0,0,0,0,neg
tummeling react meet fluentconf really fun helping people solve problems fluentconf fb http co p h spthr,1,1,0,1,1,0,0,0,neg
hillary hey introducing zahedab us fluentconf digital gov work uk would love meet f,0,0,0,0,1,0,0,0,pos
rt peterc heathr fluentconf retweet,0,0,0,0,0,0,0,0,neg
pleasure finally meet kathy sierra person much talk new book looks fantastic fluentconf fb,0,1,1,0,1,0,1,1,pos
hi everyone fluentconf looking forward meeting today say hello want talk fluentconf fb,0,0,0,0,0,0,0,0,neg
residence fluentconf next two days making interesting conversations happen looking forward seeing kathy sierra,0,1,0,0,0,0,0,0,pos
like reo time fly fb,0,1,0,0,0,0,0,0,pos
look forward commercials movies attractive man romantically excited bud light dog animated cuddly bear,1,1,0,1,2,0,1,1,pos
thanks jim cool spot show thanks jimhegarty heathr zachsherwin thanks much show great set,0,0,0,0,0,0,0,2,pos
happy set la tonight nice words sean patton many thanks zachsherwin jimhegarty ftstweets fb,1,1,0,0,1,0,0,1,pos
biggest disappointment latimefob writers giving standing ovation actor writers fb,0,0,1,0,0,2,0,0,neg
lovely time burstofbeaden thanks mirand,0,2,0,0,1,1,1,1,pos
guys got tell roz chast loved book really beautiful drawings mother dying remarkable fb,1,1,1,1,3,2,1,2,pos
buzz sounds right maybe people la find oklahoma restaurants large marfa,0,1,0,1,0,0,0,0,neg
rt goldsbie lakoff short respond bullshit questions statements reinforce broader premises,0,0,0,0,0,0,0,0,neg
buzz ha anyone think travelling nyc,0,1,0,1,0,0,0,0,neg
rt hoserlibrarian heathr spend even less time listening u,0,1,0,0,0,0,0,0,pos
could get back appreciate wham lot fb,0,0,0,0,0,0,0,0,neg
downtown la beautiful lived came cafeterias occasional friend visit warehouse fb,0,0,0,0,2,0,1,1,pos
coming sf la restaurants taunt hugeness space matter jog restroom,1,1,0,1,0,1,0,0,neg
vivalacho remoteryan marikotamaki glad one could make fortune renting rooms steak bed razor blades,0,2,0,1,2,0,1,1,pos
guys want fall asleep second finished meal remoteryan vivalacho marikotamaki,0,0,0,0,0,1,0,0,neg
public service announcement lose loose different words,2,2,1,1,0,1,1,0,neg
rt morningjewshow please send good vibes mshaberach spell kthalps uncle ricky,0,1,0,0,1,0,1,1,pos
please announce residence fluentconf helping interesting conversations connections happen props peterc fb,0,1,0,0,0,0,0,0,pos
bagel lox airport traitor people fb,1,1,1,1,0,1,0,0,neg
bagel lox airport traitor people fb,1,1,1,1,0,1,0,0,neg
rt peterc sarasoueidan positive great stuff heathr expert great google tech talk slightly fan,0,0,0,0,0,0,0,1,pos
silicon valley make recommendation clear fiorina running presidential nom based business record,0,0,0,0,0,0,0,0,neg
rt malouie hillary clinton looking ux designer heard right message interested http co sqjactw u,0,0,1,0,0,1,0,0,neg
la performing french toast comedy taix sunday night fb,0,0,0,0,1,0,0,0,pos
hannahnordhaus sorry able make yesterday hope reading went well see reunion,0,2,0,0,1,0,1,2,pos
know email spammed fucking gall asking enter get rid everyotherlist fb,1,0,1,0,0,0,0,0,neg
latimes festival books morningjewshow fans interview possibilities let know think good jews,0,2,0,0,2,0,2,1,pos
sarahm thanks passing dearsplenda piece much experience uncomfortable jonronson,0,0,0,0,0,0,0,0,neg
rt ppact pm est join us twitter storm say need equalpaynow better http co z,1,0,0,0,0,0,0,0,neg
last tweet via jeremiah wallace,0,0,0,0,0,0,0,0,neg
kithonline love tour photo hoping means one banjo number bomb pic,1,0,0,1,1,1,1,0,neg
debcha dealing ivy league alma mater th reunion class central really shameful,0,1,0,0,0,1,0,1,pos
rt lauraclawson serious cuteness team hillary http co idg aqbxkh,0,0,0,0,0,0,0,1,pos
monstro course,0,0,0,0,0,0,0,0,neg
monstro pleasure would love audio interview important fan flames honesty,0,0,0,0,1,0,0,2,pos
yvesbehar remember,0,0,0,0,0,0,0,0,neg
lukedanielswpg welcome,0,0,0,0,0,0,0,0,neg
worth checking last chunk monstro timeline start founder realness especially think raising means,0,1,0,0,0,0,0,0,pos
special occasion americans look away find leadership alternative hillary clinton video fb,0,0,0,0,1,0,0,0,pos
sukhjit zoning anagram requirement,0,0,0,0,0,0,0,0,neg
bay area going kithonline also admire tour photo great david hawe,0,0,0,0,0,0,0,1,pos
dweinberger feel like person best chance beat also husband,0,0,0,0,0,0,1,0,pos
rt evilllamas http co dukj yilrn,0,0,0,0,0,0,0,0,neg
hillary diversity terrific like fast furious political announcement ads,1,1,1,0,0,1,0,0,neg
jessicachaffin working tuchus latest ronnaandbeverly w least helpful interviewee ever heard,0,0,0,0,1,0,0,1,pos
benschwartzy sadydoyle yeah feel like linked much masculine anxiety vulnerability fear emotion,2,1,0,3,0,2,0,0,neg
dweinberger thrill consider first woman president also know problems us facing need radical soon,0,1,0,1,1,0,1,1,pos
dweinberger counting gop maintain unlike ability increase,0,0,0,0,0,0,0,0,neg
rt sadydoyle boy howdy looking forward wading liberals creepy unacknowledged neuroses female power th,0,0,1,0,0,1,0,0,neg
timoreilly pahlkadot mazel tov guys,0,0,0,0,0,0,0,0,neg
rt changeist heathr point contained traditional duopoly future unitary parties,0,0,0,0,0,0,0,0,neg
changeist maybe something seems unforseen happen,0,1,0,0,0,0,0,0,pos
changeist gop base though libertarian politics amplify poverty problem think dems go,2,0,1,2,0,2,0,1,neg
big hilary clinton question moment win looks inevitable willshescrewitup,0,0,0,0,0,0,0,0,neg
changeist think us politics may begin look much like israel internal politics christian religious population,2,0,0,0,0,0,0,0,neg
changeist also think tax billionaires naive candidates population think control,0,0,0,0,0,1,0,0,neg
changeist big libertarian money though like w cruz keep funding religious theocracy think culture war also distraction,1,1,0,1,1,0,1,1,pos
changeist guessing see tech workers w good jobs making good money able afford live sf,1,3,0,0,3,0,3,3,pos
yup feel ironically thing ends shame openness changeist heathr nobody wants talk shame,0,0,2,2,0,2,0,0,neg
changeist something butch say street life making tough market dorothea lange would called whiner,0,0,0,0,0,1,0,0,neg
changeist seem like hold vulnerability economic loss seems like forbidden topic public,1,1,0,2,0,2,0,0,neg
changeist yes economics situation keep folks investment busy anything afraid survival employment,0,0,0,1,0,0,0,0,neg
changeist without class movement limit fascism,0,0,0,0,0,0,0,0,neg
changeist gop citizens united billionaire candidate buy direction lead meaningful class movement,0,0,0,0,0,0,0,1,pos
rt theferocity job women writers color teach straight white men read diverse work read wor,0,1,0,0,2,0,1,2,pos
rt heerjeet cruz plus sugar daddy potent combination ostensible frontrunner jeb bush vulnerable host reasons,0,0,0,0,0,0,0,0,neg
rt heerjeet long term though cruz ascendency bad dems gop push american politics even h,2,1,1,1,0,1,0,0,neg
rt heerjeet short term cruz ascendency great news dems make gop toxic national level amp insure hillar,0,0,1,0,0,0,0,2,pos
rt heerjeet line cruz always imagine joseph mccarthy goldwater twice iq points dangerous man,0,0,0,1,0,0,0,0,neg
middle age spending saturday cleaning bookshelf receipts feeling like goddamned genius thebardrops fb,1,1,1,1,1,1,1,1,neg
happy end passover everyone san francisco plagues http co x jvy,0,1,0,0,1,0,0,1,pos
rt newyorktheater tremble whole life rehearsal moment rip livingtheatre judith malina http co,0,0,0,0,0,0,0,0,neg
rt feldmanadam patti lupone bridgeteverett hall oates motorboat best seconds history http co vcwzkipgyt,0,0,0,0,0,0,0,0,neg
wish fallon show would kill min every guest bit line reading next spontaneously,0,0,0,1,0,1,0,1,neg
heard human quacking realized duck boat pulled next light fb,0,0,0,0,0,0,0,0,neg
billmckibben worked african divestment yale though took sometime,0,0,0,0,0,0,0,0,neg
one gives ronaldoca heathr seriousness jewish deli worth salt open passover http co pbpq iuanf,0,0,0,1,0,1,0,0,neg
jewish deli watched guy order mayo fb,0,0,0,0,0,0,0,0,neg
steverolston thank,0,0,0,0,0,0,0,0,neg
melissapierce aw marikotamaki morningjewshow,0,0,0,0,0,0,0,0,neg
interviewing sweetheart writer marikotamaki morningjewshow right questions,0,1,0,0,1,1,0,1,pos
dated since moved phone apps good incentive make relationship work fb,0,1,0,0,1,0,1,1,pos
rt timcarvell unsolicited advice get tickets fun home say saw every prize,0,1,0,0,1,0,0,1,pos
barsoomcore congrats corey,0,0,0,0,0,0,0,0,neg
simongdunham really important piece could get accurate count wonder ge country sick way,0,0,1,0,0,1,0,3,pos
know kaporcpital therealfreada mkapor unusual commitment think trend w vcs like design design partners,0,0,0,0,0,0,0,0,neg
keep yr name clean wb guru still amazed delasoul raised k days asking k respect lasts forever,0,1,0,0,2,0,0,3,pos
bruces thinking quite often days every time hear tech scion mention universal income,0,2,0,0,1,1,0,1,pos
debcha canadian,0,0,0,0,0,0,0,0,neg
rt sandmansimonds art exist confirm understanding world,0,1,0,0,1,1,1,1,pos
unexpected far seem seems come part present enjoying piece filmmakinglabs one day study w,0,3,0,1,3,0,2,2,pos
began experimenting w making interactive pieces tummeling found unexpected engaging conflict cc filmmakinglabs,1,1,0,2,3,1,1,2,pos
night good people fb,0,1,0,0,1,0,1,1,pos
wonderful seder happy pesach easter night good people liberation seems like inevitable suffering fb,0,3,1,1,4,1,3,3,pos
rt itswanda even democracy become irrelevant capitalism longer needs democracy function zizek,0,0,0,0,0,0,0,0,neg
regret abt living oakland living next oakland tech high plays stadium level music outside weekly kids,0,0,0,0,1,2,0,1,neg
children assembling white house lawn afternoon hunt afikomen happen monica lewinsky president,0,2,0,0,1,0,0,2,pos
water shortage like hiv epidemic searing reminders connected isolation option fb,2,1,1,2,0,3,1,0,neg
liberty justice lieseveryonetells fb,0,1,0,0,1,0,1,2,pos
oh shit curses coming every entitled dude bay comes end orders unnecessarily complicated cocktail thelex,1,1,1,0,0,0,0,0,neg
backs profiled tech guys cause wearing betarand shirts tucked salmon coloured pants thelex,0,0,0,0,0,0,0,0,neg
want straight people know feels like wait work search room stand around people like fb,0,1,0,0,0,0,0,0,pos
tayhatmaker making regret write queers queer life years write enough,0,0,0,0,0,1,0,0,neg
tayhatmaker recorded lexington archive project,0,0,0,0,0,0,0,0,neg
tayhatmaker possible room feel time city still dangerous,0,1,0,1,0,0,0,0,neg
tayhatmaker first closing events probably last time many years dancing head,0,1,0,0,0,0,0,0,pos
periscope moving tush finally get iphone change os plus regular unlocked contract recommendation fb,0,1,1,1,1,0,1,1,pos
ashedryden thanks,0,0,0,0,0,0,0,0,neg
earthquake small shakes north oakland fb,1,0,0,1,0,1,1,0,neg
nrrrdcore genuine confusion desire discomfort believe building emotional skills core making better,1,0,0,1,0,1,0,1,neg
nrrrdcore find ways make shift huge one beginning edge many tantrums,0,0,0,0,0,0,0,0,neg
nrrrdcore truth get better earnestly connect w desire like folks couples counseling,0,0,0,0,0,0,0,1,pos
nrrrdcore think wise one reply policy w men gender online one comment reflects savvy,0,0,0,0,0,0,0,1,pos
nrrrdcore questions statements bullshit attempts reframe thus ignore said first place,0,0,0,0,0,0,0,0,neg
nrrrdcore originally said powerful nerds chicks included default answering questions directly even,1,1,2,2,1,1,0,1,neg
nrrrdcore thing without emotional awareness skills know anything moves forward guys go around,0,0,0,0,0,0,0,0,neg
nrrrdcore yes desperate attempt someone weak emotional skills self awareness,0,1,0,0,0,0,0,0,pos
nrrrdcore reminds chick takes aside grade tell telling people hate cuz cares,1,0,1,1,0,1,0,0,neg
nrrrdcore statements reflect reality still tactical mistake,0,0,0,0,0,1,0,0,neg
nrrrdcore really common always couched intellectually savvy tactical advice issue rarely intellectual,0,0,0,0,0,0,0,1,pos
rt nrrrdcore heathr also threatening right like want enemy psssh care,2,0,2,2,0,0,0,0,neg
nrrrdcore pretty common response eh smart weird care taking negging,0,1,1,0,1,0,0,1,pos
jenkirkman virgotex see comedy boys outraged recent outrage dump lenadunham,1,0,1,0,0,0,0,0,neg
ashedryden lizhenry would love speak alterconf best place email,0,0,0,0,1,0,0,0,pos
marikotamaki thrown toy terminal toronto reg toy store kissing gay stores pull crap fb,0,1,1,1,0,1,0,0,neg
jboxt guess lgbt dating start advertising organized anti gay work,0,1,0,0,0,0,1,0,pos
rt jboxt heathr lds advertises playbill book mormon,0,0,0,0,0,0,0,0,neg
eireanndolan thank oakland lesbian great boring best make game,0,0,1,0,0,1,0,0,neg
frakintosh pretty interesting timing going clear broadcast book launch projects reem,0,2,0,0,1,0,0,1,pos
anyone else getting scientology advertising kind amazing feel going clear help recruit http co wqqllqb rr,0,0,0,0,1,0,0,1,pos
tiffanyshlain imagine either would want job much enjoy,0,1,0,0,1,0,0,1,pos
coulda followed every jon stewart joke hosted tds might felt way abt lenadunham trevornoah,0,0,0,0,0,0,0,0,neg
night good people fb,0,1,0,0,1,0,1,1,pos
carrieffisher times day weeks make real sense bravo performance liberace,0,0,0,0,0,0,0,1,pos
mediachick watched well done alex gibney films always leaves feeling cruise travolta maintain status quo,1,1,1,1,1,1,1,1,neg
dubbed language machine learning cloud computing could david miscavige rallies could rubble tech conferences fb,0,0,0,1,0,1,0,1,neg
rt jonimitchellcom joni currently intensive care la area hospital awake good spirits updates come w,0,2,0,1,2,1,2,2,pos
susie c absolutely radio programs video shorts need price needs quite different,0,0,0,0,0,0,0,0,neg
going clear pretty great wondering following travolta cruise bombshells drops fb,0,1,0,0,1,0,0,1,pos
tomcoates gay big big gay also bears,0,0,0,0,0,0,0,0,neg
big gay kind like costco bins kale incense quinoa fb,1,0,0,0,1,0,0,1,pos
love hearing kids neighbourhood play outside though sure amazon develop button fb,0,1,0,1,1,0,0,0,pos
amazon got cents vote slammin democracy matter weeks fb,1,1,0,0,1,1,1,1,pos
rt rachelsklar sally asked rabiasquared abt white priv needed somebody good job hold whiteness,0,2,0,0,3,0,2,2,pos
rt jackieosterrod please rt uber uber support losing b c account hacked locked hacker amp uber p,1,0,0,0,0,1,0,1,neg
hchamp canadian password,0,0,0,0,0,0,0,0,neg
documentally means new kind talk makes event moment record youtube,0,0,0,0,1,0,0,1,pos
rt documentally great skype chat heathr thinking delivering kind double header event somewhere lt,0,0,0,0,1,0,0,1,pos
jackson family said anything new law home state indiana fb,0,0,0,0,0,0,0,1,pos
mattthomas wonder happened car makers horses,0,0,0,0,0,0,0,0,neg
rt pinboard know holacracy truly works even lowliest janitor zappos threaten fire everyone reading,1,1,1,2,0,0,0,0,neg
oh cool guy wearing security baseball hat said interviewing girls marketing jobs fuck diversity matters,0,0,0,0,0,0,0,0,neg
grrl thanks good service came,0,1,0,0,1,0,1,1,pos
rt elonmusk major new tesla product line car unveiled hawthorne design studio thurs pm april,0,0,0,0,0,0,0,0,neg
anyone glen park neighbourhood able come give car jump right red car next bart fb,0,0,0,0,1,0,0,0,pos
rt chrisrock thank president obama http co pgfjccyrta,0,0,0,0,0,0,0,1,pos
sportjules thanks,0,0,0,0,0,0,0,0,neg
night good people fb,0,1,0,0,1,0,1,1,pos
musingvirtual katebornstein sorry hard sending much love,0,0,0,0,1,0,0,0,pos
katebornstein talking workshop show tonight,0,0,0,0,0,0,0,1,pos
many brave souls standing lena dunham surely means never see another holocaust fb,1,0,1,1,0,1,0,0,neg
never gentile people decide tell anti semitic life fb,0,0,0,0,0,0,0,0,neg
feeling really good creating space owning loss honestly public everything subject change coming along eistc,2,4,1,3,2,2,2,2,pos
great everything subject change workshop tonight interactive shows surprises tonight cat bit show fb,0,0,0,1,0,0,0,1,neg
sportjules thanks julia part seder performing today citywinerynapa thx nice words make blog post,1,0,0,0,0,0,0,0,neg
thanks citywinerynapa fun performing seder today always fb,0,1,0,0,1,0,0,0,pos
k costing first born sanfranciscoplagues,0,0,0,0,0,0,0,0,neg
gay people leaving dance,0,0,0,0,1,0,0,1,pos
water drink coffee entire generation said fuck politics going perfect coffee,1,1,0,0,1,0,0,1,pos
sun worry water come whole foods sanfranciscoplagues,0,2,0,1,1,1,1,1,pos
condo infestation even vineyards immune sanfranciscoplagues,0,0,1,1,0,0,0,0,neg
salted caramel ice cream waiting line hours eat used called communism sanfranciscoplagues,1,1,0,1,1,1,1,0,neg
gluten sanfranciscoplagues,0,0,0,0,0,0,0,0,neg
selfie stick never need talk another stranger person sanfranciscoplagues,0,0,0,1,0,0,0,0,neg
everybody gets iphones need nothing else sanfranciscoplagues,0,0,0,0,0,0,0,0,neg
happy pesach people plagues san francisco small plates restaurants suck fine,0,1,0,0,1,0,0,1,pos
sandyanne member tribe,0,0,0,0,0,0,0,1,pos
sandyanne also totally honorary mot,0,0,0,0,0,0,0,0,neg
sandyanne napa valley good wine audience getting happy,0,3,0,0,2,0,1,2,pos
sandyanne thanks sandra seder show glasses wine instead,0,0,0,0,0,0,0,1,pos
night good people fb,0,1,0,0,1,0,1,1,pos
thinking thinning twitter feed sherman alexie,0,0,0,0,0,0,0,0,neg
rt sherman alexie conservative parlance job creator means rich enough hire people amp pay better hides cash oversea,1,3,0,1,3,0,0,3,pos
rt liberationnyc everything wrong nyc summed one photo eventphotosnyc friday night eastvillage evgrieve http co,0,0,0,0,0,0,0,0,neg
dunham piece done phyllis diller husband one would care philip roth jewish girlfriend,0,0,0,0,0,0,0,0,neg
wait see blogosphere haaretz time etc react next jewish mother jewish wife joke predicting crickets,1,3,0,1,1,1,0,1,pos
tristanshouts thanks,0,0,0,0,0,0,0,0,neg
thankyouellenpao early valley job colleague studiously avoided sharing contacts introductions vc,0,0,0,0,0,0,0,0,neg
kleiner battle lost war except long run diverse honest investment field better,2,1,1,2,1,2,0,1,neg
ekp one tough cookie thank,0,0,0,0,0,1,0,0,neg
thejeffdavidson kidding,0,0,0,0,0,0,0,0,neg
rt caseymalone heathr hire woman sues us think time take crush court,1,3,0,1,1,0,0,1,pos
suzisteffen thanks suzi kind,0,0,0,0,1,0,0,1,pos
thejeffdavidson morningjewshow chopped liver kthalps lenadunham babe,0,0,0,0,0,0,0,0,neg
mt thejeffdavidson heathr morningjewshow many wmn intense love dogs comparison necessarily insult kthalps,2,0,2,1,2,1,2,1,neg
thejeffdavidson heathr morningjewshow dunham amp halper talented cute funny lena meeskite katie kinda hot kthalps,1,0,0,0,0,0,0,0,neg
one hire women whisper vcs angels firms already hiring women ellenpao fb,0,1,0,0,1,0,0,1,pos
thing woman dealt vcs knows stuff rampant water swim case gauntlet,0,1,0,2,1,1,0,0,neg
case felt pao lost case cross exam credibility mistakes made response,1,0,0,3,0,4,0,1,neg
employment discrimination atty friend courtroom expected loss lots discrimination said,3,1,2,3,1,3,0,1,neg
rt michellequinn kleiner nine number trying reach nine jurors agree retaliation claim,1,0,0,1,0,0,0,0,neg
rt michellequinn kleiner limbo waiting halls essence pao lost,0,0,0,0,0,1,0,0,neg
rt michellequinn kleiner loses everything gender discrimination retaliation polling jurors,2,0,1,2,0,1,0,0,neg
rt michellequinn kleiner juror man says yes everything juror man everything needed nine people agr,0,0,0,0,0,0,0,0,neg
coreyjf comedy,0,0,0,0,0,0,0,0,neg
daphne noon twobodyproblem emilynussbaum idea plenty jewish also nobody says jewish like jews,0,0,0,0,0,0,0,0,neg
coreyjf maybe literal know know best,0,0,0,0,0,0,0,0,neg
bethany show called morningjewshow make fun jews every week,0,1,0,0,1,0,0,1,pos
bethany ba love point please read think context,0,0,0,0,1,0,0,0,pos
coreyjf uproar misogynistic,0,0,0,0,0,0,0,0,neg
coreyjf saying go back new york stories whore mensa coming tell uproar yeah right,0,1,1,0,0,0,0,0,neg
fredericg producer rock show feel bullied making statement dont think plus funny bit killed,0,0,0,0,0,0,0,2,pos
words comedy problem angry,2,0,1,1,0,1,0,0,neg
enraged lenadunham piece need enraged chris rock keep daughter pole bit,0,0,0,0,1,0,0,0,pos
emilynussbaum avidlearner get use word often mitzvah points nussbaum,0,0,0,0,0,0,0,1,pos
coreyjf response dunham arguably misogynistic unless think people used flipped woody allen work,0,0,0,0,0,0,0,0,neg
coreyjf inside corey different ballgame unless wanna call chris rocks work racist meshugenah,0,0,0,1,0,1,0,0,neg
think one rt jamescallanlast week tonight john oliver ever show found voice quickly hbo,0,0,1,0,1,0,0,2,pos
cause post bibi speech election racism european events left calling jews racist lot n american jews frightened say boo,0,0,0,1,0,0,1,0,neg
much people truly scared real anti semitism afraid say lenadunham,0,0,0,1,0,0,0,1,neg
know easy comedy accused hating men ask often comics accused hating women,4,0,0,2,0,0,0,0,neg
rt michellequinn kleiner reporters wait court doors open th floor sf superior court verdict expected,2,4,0,3,0,0,0,0,neg
love see people willing identify fight anti semitism shows places joyride kvetch,1,0,0,1,1,0,0,0,neg
emilynussbaum tcarmody watched social network pomeranian great though signaled end good ol web days,0,2,0,0,1,0,1,1,pos
emilynussbaum tcarmody thanks wd great way watch nyc may hopefully shows,0,1,0,1,0,0,0,0,neg
say offended super disappointed see many people put comedy high often oy lenadunham,2,0,1,0,0,2,0,0,neg
emilynussbaum harrisj tcarmody rape stuff best stuff imo love,1,0,1,1,1,1,0,0,neg
losing mind maybe lenadunham nailed something jewish men,1,0,0,0,0,1,0,0,neg
emilynussbaum tcarmody dunham gotten grief one shouts murmurs piece rock given career gender jokes,0,1,0,0,0,1,0,0,neg
walrusmaster love tweeted proud canadian,0,1,0,0,2,0,0,1,pos
much people going lenadunham piece comfortable target bravery edgy freedom fighters,0,0,0,0,1,0,0,1,pos
see bagel least bar jewish mum know bits,0,0,0,1,0,0,0,0,neg
much crazy resentment thrown lenadunham jewish fair morningjewshow v low bar,2,0,1,1,0,2,0,0,neg
angry think lenadunham new yorker piece funny go read last,1,0,1,0,0,0,0,0,neg
guys never even seen girls care get piece think blazing saddles think humour,0,0,0,0,0,0,0,0,neg
apstamm morningjewshow ready replace abe foxman yesterday rachelsklar,0,1,0,0,0,0,0,0,pos
apstamm oh sure women supposed joked men people oy vey iz mir rachelsklar,0,0,0,0,0,0,0,0,neg
rushkoff serious criticism lena dunham recent shouts murmurs piece,1,0,0,0,0,1,0,0,neg
rushkoff laws campaigning theocratic internal israel style politics us worth way focus jews,3,0,0,2,0,1,0,1,neg
rushkoff remember sign though remember barney beanery signs gays aids old thing governors passing,0,0,0,0,0,0,0,0,neg
might uncomfortable make joke anti semitic piece saying uncomfortable jewish stuff loud good,0,1,0,0,1,0,1,1,pos
jews killed supermarket france recently would even make avatar je suis juif ballsy dunham,0,0,0,0,0,0,0,0,neg
offering set straight jewish male comic jewish woman prove miracles happen,0,1,0,0,0,0,0,1,pos
hard stuff facing left anti semitic criticizing israel without worry shonda goyim,0,1,0,1,0,1,0,0,neg
mobilize real problems remember safe find freedom inside keep sense humour,0,0,0,0,2,0,0,3,pos
jews freaked anti semitism indiana passed law put signs stores saying gays please take note fr fellow queers,0,0,0,0,0,0,0,2,pos
seriously watched folks left go constantly weirder times target unafraid,0,0,0,0,0,0,0,1,pos
never seen piece jewish male comic called anti semitic,0,0,0,0,0,0,0,0,neg
jewish humorist best thing jewish jokes seriously strength people lose,1,0,1,1,0,1,1,1,neg
safe go lenadunham like whatever reason think makes anti semitic,0,0,0,0,1,0,0,1,pos
co host morningjewshow get anti semitic crap sent us daily online see left plenty,0,1,1,0,0,0,0,0,neg
serious rise anti semitic public acts europe lenadunham comedy brave enough throw,0,1,0,0,0,0,0,0,pos
fellow jews others freaked lenadunham latest piece newyorker got way bigger problems,0,0,0,0,0,0,0,1,pos
rachelsklar also talk morningjewshow ep people lose minds lenadunham would love take future show,1,0,1,1,1,1,1,1,neg
cab driver via flywheel yesterday already worked left lyft uber said pay treat drivers well,1,2,1,1,2,1,1,2,pos
rt shakestweetz one every six hoosiers depends food stamps pantries get enough eat means boycottindiana,0,0,0,0,1,0,0,1,pos
pretty sure indiana governor hoping backlash outbutch walker gop primaries til needs help gay surgeon,0,1,0,0,1,0,0,2,pos
want jewish organizations community watch lgbt ones deal stuff another way,0,2,0,1,1,0,1,1,pos
lena dunham good jews tomorrow morningjewshoww kthalps fb,0,2,0,0,1,0,1,1,pos
rt morningjewshow american nazi party rally filled madison square garden learning rememberthispod,0,0,0,0,1,0,0,0,pos
gregelin ages coffee,0,0,0,0,0,0,0,0,neg
benioff many thanks showing leadership indiana may states follow stay,0,0,0,0,0,0,0,0,neg
look forward seeing prominent venture capitalists come commitment diversifying firms ppl invest,0,0,0,0,0,0,0,0,neg
striving pretending absolutely self sufficient idolatry also plain daft passover class http co jim oju k,1,0,2,1,0,0,0,0,neg
bay area fave community credit union bank w best online banking patelco mechnics,0,0,0,0,0,0,0,2,pos
simple see point talking bottom level customer service one authority give certain info,0,0,0,0,0,1,0,2,pos
simple already got conflicting advice f u messages saying cd acct closed access exec,0,0,0,0,0,0,0,1,pos
lizgannes may content writing bit already entertained heathersomervil,0,0,0,0,2,0,0,1,pos
lizgannes imagine would smart trial shown always smart heathersomervil,0,0,0,0,0,0,0,0,neg
come see comedians singers vintners imagine passover seder sunday citywinerynapa fb,0,0,0,0,0,0,0,0,neg
lizgannes heathersomervil know anyone got tom nazi left coming get us riches perkins record ellenpao trial,0,1,0,0,0,0,0,0,pos
break leg tonight vancouver dnto sookyinlee hope join future show,0,1,0,0,1,0,2,2,pos
rt teamdnto dntoinyvr officially sell sneak peek stage set see tonight rain city http co lco,1,0,0,1,0,0,1,0,neg
anyone ask tom victims nazi left perkins founding partner kpcb comment ellenpao trial fb,0,0,0,0,0,0,0,0,neg
recently introduced secure messaging app threemaapp really like user data tracking faster apple mms messenger,0,0,0,0,0,0,0,1,pos
simple way feel confident account secure,0,0,0,0,1,0,0,2,pos
simple already done gotten conflicting responses phone email,0,0,0,0,0,0,0,0,neg
need take risks disrupt say people scoff ellenpao suit vc investments fb,1,0,1,0,0,0,0,0,neg
pao wins nothing gets better women say people whose plan things getting better wait years genius daughter,0,2,0,0,1,0,0,0,pos
susie c took lawsuit women journalists get news floor nytimes,1,0,1,1,0,1,1,0,neg
angie seattle look great oakland,0,0,0,0,0,0,0,0,neg
vcs gonna threaten hire like evangelical christians gonna threaten invisible hell believe,3,3,1,3,1,1,0,1,neg
exactly googling great advice rt angie seattle heathr recommend checking credit union customers members,0,0,0,0,0,0,0,3,pos
one hire women whisper vcs angels firms already hiring women ellenpao fb,0,1,0,0,1,0,0,1,pos
simple tough feel secure bank start messaging closing account bc w,0,1,0,0,0,1,0,2,pos
simple customer service reps saying,0,0,0,0,0,0,0,0,neg
lifehacker nerdwallet love recommend best online banking simple tells self employed ppl accts shut,0,0,0,0,1,0,0,1,pos
sandyanne sure simple,0,0,0,0,0,0,0,0,neg
anyone really like line banking somewhere besides simple want recommend self employed folks unwelcome simple fb,0,0,0,0,0,1,0,1,neg
usual start acquired longer bank simple tells self employed close account want fb,0,1,0,0,0,0,0,3,pos
guy approaches girlfriend kissing goodbye get ready cringe guy talks jack purcells guy new pal,0,1,1,1,0,1,0,0,neg
trying access wordpress admin old site show input site wp admin assurance database update,0,0,0,0,0,0,0,2,pos
except every maker eats mt iammollywalsh agriculture uses water generates california revenue gmicncc,0,0,0,0,0,0,0,0,neg
napa yesterday still grapes fields condos yet fb,0,0,0,0,0,0,0,0,neg
ginatrapani would like slack channel post podcast convo,0,0,0,0,0,0,0,0,neg
ablaze xfinitywifi would love hide everywhere,0,0,0,1,1,0,0,0,neg
rt firstpersonpbs count number gay women know notoriety get press one hand nicolettemas,1,0,1,1,0,0,0,1,neg
rt libroantiguo mystery writer agatha christie surf board fred one first british people learn surf http,0,2,0,0,0,0,1,0,pos
rt sandyanne men go shows thingspeoplesaytoartists,0,0,0,0,0,0,0,0,neg
night good people fb,0,1,0,0,1,0,1,1,pos
working shift magazine years ago believe cdn publisher keep name msnbc pomeranian,0,0,0,0,0,0,0,0,neg
feliciahorowitz piece one hopeful things ever read connected sv love family,0,1,0,0,2,0,1,1,pos
tedr mine always wanted,0,0,0,0,0,0,0,0,neg
rt weird hist egyptian pyramids older romans romans us http co nwiu frnpp,0,0,1,0,0,1,0,0,neg
night good people fb,0,1,0,0,1,0,1,1,pos
caseymalone disrupting humiliation rebranded like arianna truthfully v moved lewinsky recent statements,0,0,1,0,0,1,0,0,neg
caseymalone foreign subtitles white shot rap ha ha ha ha,1,1,0,1,1,1,1,1,pos
caseymalone oh people raps,0,0,0,0,0,0,0,0,neg
ellenpapadakis buttery buttah rt msleamichele tonight dgaawards barbrastreisand http co netml jy,0,0,0,0,0,0,0,0,neg
last played hockey thing stick fb,0,0,0,0,0,0,0,0,neg
maegancarberry kthalps mj jew eoke tour maybe one nyc day may,0,0,0,0,0,0,0,0,neg
extra ticket awesome play berkeley tonight anne carson antigonick shotgunplayers wants,0,0,0,0,0,0,0,0,neg
bhorowitz web anildash think leading example diversifying vc firms make huge start know leadership,0,1,0,0,0,0,0,1,pos
anyone else self employed simple account getting guff company using bank fb,0,0,0,0,0,0,0,2,pos
rt advicetowriters write need write currently popular think sell p james amwriting http,0,0,0,0,0,0,0,0,neg
night good people dreaming sleep fb,0,1,0,0,1,0,1,1,pos
recreate childhood never julian fellows speaking pl travers works cosby seems,0,0,0,0,1,0,0,0,pos
often find people successful creating childhood icon much love children want,0,1,0,0,3,0,0,1,pos
ninavizz meant inspiring emboldening legions women common experiences,0,0,0,0,0,0,0,0,neg
dearsarah followed line want try go closing arguments though,1,0,0,0,0,0,0,0,neg
dearsarah practicing law,0,0,0,0,0,0,0,1,pos
dearsarah course woman worked circumstances knows implicit sexism well definitely bit jolt,0,0,0,0,0,0,1,0,pos
dearsarah friend said thought crumbled cross seem prepared jury questions seemed bit telling,1,2,0,1,1,1,0,3,pos
dearsarah kind basis v unusual big risk taking call often risk takers,0,2,0,2,1,0,0,1,pos
dearsarah already astonishing ellen pao think number entrepreneurs must wanted sue vcs,1,0,0,0,0,1,0,0,neg
dearsarah hey practicing attorney really surprise find something making cases harder bring ca,1,0,0,2,1,0,1,1,neg
dearsarah passing practicing ca employment law pal says plaintiff turned settlement offer may lead costs,0,0,0,0,0,0,0,1,pos
rt advicetowriters people understand everything get stories bertolt brecht fiction writing http co yeknckpepx,0,0,0,0,0,0,0,0,neg
twue mt grammar confident heathr miswrote update could posted one instead,0,0,0,0,1,0,0,2,pos
ninavizz anita hill moment likely losing case attorney opinion pao,2,0,0,2,0,2,0,1,neg
dearsarah also said possible loses owe kleiner costs think may play well kp media,0,0,0,0,0,0,0,0,neg
dearsarah still getting bit anita hill moment valley vc knows ripple may watch closing,0,1,0,1,0,0,0,0,neg
dearsarah talked friend employment lawyer v feminist one whose courtroom says nope pao,1,0,1,1,1,0,0,1,neg
joshgondelman remaking remake never lead good,0,1,0,0,1,0,1,1,pos
debs kevinmarks tummelvision reporting distribution means budgets change writing expectations imo,0,0,0,1,0,0,0,0,neg
threemaapp apple app store downloading threema right,0,1,0,0,0,0,0,0,pos
debs kevinmarks tummelvision hard quantify times business still see necessary good,0,1,0,0,1,0,1,1,pos
mt melissafpayne breaking body african american man found hanging tree claiborne county fbi mbi scene,2,1,2,1,2,1,1,3,pos
margaretatwood brilliantly reframes worse diff women men question putting pocket fb http co j jmc cia,0,0,0,1,0,1,0,0,neg
night good people fb,0,1,0,0,1,0,1,1,pos
fanny pack complete evenings tryptych however spell fb,0,0,0,0,0,0,0,0,neg
sightings tonight baby doll dress booties cut offs tights expecting rubber bracelets arm soon fb,0,1,0,0,2,0,0,0,pos
sarah gregersen documentally awesome christian give email let make plans,0,0,0,0,0,0,0,0,neg
paulmccabester documentally yo looks like good day,0,1,0,0,1,0,1,1,pos
enterpriseux steveportigal ixdconf spent lot time tummelvision advocating soft skills hard skills,0,1,0,0,0,0,0,0,pos
amazon drone like bump umairh really baffled starbucks hoping achieve racetogether buzz trust respect,0,2,0,1,2,0,0,3,pos
recent starbucks race convo project seems adapted silicon valley start take community,0,1,0,0,0,0,0,0,pos
rt sophiaphotos dr zucker reviewed mistreating trans youth huge deal toronto defines trans dsm v,1,2,0,1,2,0,2,1,pos
chrisgeidner call uber k,0,0,0,0,0,0,0,0,neg
night good people fb,0,1,0,0,1,0,1,1,pos
britwhartonsf pmarca bhorowitz leaptransit faq addition drivers employees w benefits,0,0,0,0,0,0,0,0,neg
rt zoomarang bibi declaring victory bs still form govt centrists hold cards let lap dancing begin,0,1,0,0,1,0,0,1,pos
reading interview w marsha norman thinking film wild massively underrated internal events dismissed men,0,0,0,0,0,0,1,0,pos
digiphile yet,0,0,0,0,0,0,0,0,neg
rt badbanana two years away even pilots wearing sweatpants flights,0,0,0,0,0,0,0,0,neg
rt heif chart motherjones via anildash http co bnp b ny k,0,0,0,0,0,0,0,1,pos
owenthomas joke old neighbourhoods web changing like city builders live lex suck etc,0,0,0,0,0,0,0,0,neg
brainwane excellent,0,0,0,0,1,0,0,1,pos
night good people fb,0,1,0,0,1,0,1,1,pos
makes ask suddenly become ambivalent swarthy rt mpesce chuck norris jewish,0,0,0,0,0,0,1,0,pos
f x made day thanks,0,0,0,0,0,0,0,0,neg
rt benkepes since gigaom staff let go wondering us gigao contractors contact,0,0,0,0,0,0,0,0,neg
day make life better marikotamaki,0,0,0,0,0,0,0,0,neg
spotted temescal ironic sock garters ankle high hiking boots shorts notahipster fb,0,0,0,0,0,0,0,0,neg
mbrhmr bunch billionaires yachts pointing laughing happens even wonder,0,0,0,0,1,0,0,0,pos
monteiro fellow funnywomen worth knowing cynthia levin betsy salkind aundr wonderwoman jamiedenbo jessicachaffin carolyn taylor,0,0,0,0,0,0,0,1,pos
rt monteiro let us praise funny women funnywomen,0,0,0,0,1,0,0,1,pos
yes monteiro wish god real could punch neck taking gilda radner away us soon funnywomen,1,1,0,2,1,1,1,2,pos
rt f x monteiro joan rivers ellen degeneres wanda sykes aisha tyler maya rudolph heather gold megan mccarthy bea arthur funnyw,0,0,0,0,0,0,0,0,neg
fran lebowitz says money grubbing used phrase think would take americans criticize wealth life,2,1,1,1,2,1,1,2,pos
jill lepore piece tweeted makes great points reticense name villains similar umairh earlier critique idea biz,0,0,0,0,0,0,0,0,neg
night pals sxsw night good people fb,0,1,0,0,1,0,1,1,pos
brainwane cataloguing master tapes listening good memories thanks help,0,1,0,0,1,0,1,1,pos
gpetriglieri meganhustad umairh presume everything outside invited dominance list approach show well,0,0,0,0,0,0,0,1,pos
gpetriglieri meganhustad umairh everyone way objects relationality necessary get institutions build,0,0,0,0,0,0,0,0,neg
gpetriglieri meganhustad umairh reflects love essay would add hyperrationality connected making everything,0,0,0,0,1,0,0,0,pos
gpetriglieri meganhustad umairh dictates lot delivered say bigger thing ted merely,0,0,0,0,0,0,0,0,neg
gpetriglieri meganhustad umairh agree coached couple ted talks including nilofers even framing,0,0,0,0,0,0,0,0,neg
rt barrypierce never seen proletariat bourgeoisie clearly illustrated one instagram post http co dl yagwtqe,0,0,0,0,0,0,0,0,neg
rt dialmformovies rip jeff hale aged created sesame street iconic pinball segment typewriter character http co hy hetin,0,0,0,0,0,0,0,0,neg
rt justkelly ok holy shit look email got recruiter using real full name emailcc girlziplocked list htt,1,0,1,0,0,0,0,1,neg
benschwartzy relying men strong women must rescued pretty cliche boring point like airplane food joke,0,1,0,0,2,0,0,2,pos
benschwartzy great see bond vulnerability though skyfall big progress dramatically interesting,0,1,0,1,1,1,0,0,neg
benschwartzy yes though women exist bit people kingsmen also lots failing women,1,1,0,1,0,1,0,0,neg
kingsmen v fun extraordinary someways know sexist bond film violent contemporary video game fb,1,1,1,1,1,0,1,0,neg
jenafriedman lost miss marmelstein onbroadway barbra covered recent morningjewshow shd,0,0,0,0,0,1,0,0,neg
straight people call foreplay,0,0,0,0,0,0,0,0,neg
rt globalbarnard women live capitalism live feudalism therobinmorgan barnardwcw,1,0,0,0,0,1,0,0,neg
favourite person twitter days podcast see tiny sense accomplishment sherman alexie ff,0,0,0,0,0,0,0,0,neg
emilynussbaum first scariest memory movies fruma sarah scene,0,0,0,0,0,0,0,0,neg
nje concludes sandberg us politics global econ meandering minute thanks listening,1,0,0,0,0,0,0,0,neg
nje think culture due another break heading beatnik times,0,0,0,0,0,0,1,0,pos
nje people wanna family see times make living indebted half life global economy making tough,0,0,0,1,0,2,0,1,neg
nje expect hilary clinton anything radically different either much times demand hope wrong,1,2,0,0,1,0,2,2,pos
nje true joy silicon valley gall imagine things entirely different great base,1,0,1,0,1,0,0,1,neg
nje early second wave feminism envisioned really different workplace across board decent ideas,0,1,0,0,0,0,0,0,pos
nje predict see media savvy political contenders arise make sarah palin look cultured temperate,0,1,0,0,0,0,0,1,pos
nje see get past parties ignoring worse worse via kardashian style media moves,0,0,0,2,0,2,0,0,neg
nje sandberg really implemented one big solution one big issue company think turned heads,0,0,0,0,0,0,0,0,neg
nje political leader showing gumption warren rand neither looks likely come middle enough win,0,0,0,0,0,0,0,1,pos
nje mean walmart raised minimum wage bet see kind thing whole system melts apart,0,0,0,0,1,0,0,2,pos
nje massive income inequality driving politics corrupt corptocracy real trouble addressing trying slowly,2,1,0,1,1,2,0,2,neg
nje ellenpaovkpcb trial every facebook thread make clear problem deep dudes get soaking,0,0,0,1,0,1,0,0,neg
nje people want think blow back would like,0,0,0,0,0,0,0,0,neg
nje basic point negotiating completely agree book campaign targeted business negotiating tips,0,0,0,0,0,0,0,0,neg
nje fair problems time corruption problems corporate america role big going tough lead,0,1,1,0,0,1,0,0,neg
nje imagine profoundly focused person insanely capable met yet challenged communication front,0,0,0,0,0,0,0,1,pos
nje every time press release look careful choice partners seems pretty telling zero grass roots,0,2,0,0,1,0,0,1,pos
ninavizz sure mine therapy next guy,0,0,0,0,0,0,0,0,neg
nje ye olde gop times say kind libertarian shot party new gop primary would eat alive,1,1,0,1,2,1,1,2,pos
nje nje runs sure looks like though wants run republican would interesting,0,0,0,0,0,0,0,0,neg
nje think sandberg really underestimated harm approach runs office,0,0,0,1,0,0,0,0,neg
nje condescension often present someone either completely unaware someone else implied situation give,1,1,1,0,1,1,1,1,pos
rt nje heathr super condescending time,0,1,0,0,0,0,0,0,pos
feminist pushback leanin bc like netanyahu saying us congress access speaking jews,0,0,1,0,0,0,0,1,neg
really challenging threatening underlying issue among male structure funders execs tech world,1,0,1,1,0,0,0,1,neg
leanin calculated effort bolster female creed shore political alliances grassroots heavily quotes,0,0,0,0,0,0,0,0,neg
current corp culture healthy healthy women men certainly helping democracy leanin,0,0,0,0,0,0,0,0,neg
help women corporate america say zay gezunt always take good leanin,0,1,0,0,1,0,1,1,pos
press campaign speaking women work sandberg work think politically fly,0,0,0,0,0,0,0,0,neg
sandberg pr campaign book offensive hypocrisy underlying buy business usual,1,0,1,0,0,0,0,1,neg
people find sandberg advice offensive think speaking,1,0,1,0,0,0,0,1,neg
anybody remember spreadsheet awhile back dudes agreed speak panels half female anildash,0,0,0,0,0,0,0,1,pos
award shows stay desperate attract young male viewers give game fb,0,2,0,0,2,0,2,1,pos
sxsw tbt twit women inc ginatrapani debs drkiki hello many friends old stomping grounds sxsw fb http co znszchq,0,0,0,0,0,0,0,0,neg
samsmullins nice themoth,0,0,0,0,0,0,0,0,neg
want apple watch want breakfast robot fb,0,1,0,1,0,0,0,0,neg
rt sarahm fraternity men make scotus justices since presidential cabinet since senators fortun,0,0,0,0,0,0,0,1,pos
rt ialexabramovich yrs ago almost nobody would speak city today funding approved st lgbtq transitiona,0,0,0,0,0,0,0,0,neg
dear god woman hero tragedy us needs ban firearms like australia insane insane,3,2,0,5,2,1,1,2,neg
fredericg agreed whole thing fercukt dems different kind problem lessig,0,0,0,1,1,1,0,2,pos
international politics run like kardashians career way go like gop thought starting w reagan could control,1,2,0,0,0,0,0,0,pos
cnrsocial socialsensing felt something wondering earthquake,1,0,0,1,0,1,1,0,neg
rt jaketapper breaking u oklahoma president david boren expells students id ed leading singing racist song sae f,0,0,0,0,0,0,0,2,pos
earthquake oakland temescal,1,0,0,1,0,1,1,0,neg
come back harper really hate losing people admire internet sad sarahjeong deleted twitter account,2,0,1,1,0,2,0,2,neg
ericajoy dearsarah kaporcenter comes mind,0,0,0,0,0,0,0,0,neg
rt ericajoy valley tech companies founder c level leaders actively speak support women technology exclude,0,0,0,0,0,0,0,1,pos
fave feminist documentaries fb,0,0,0,0,0,0,0,0,neg
rt danprimack kind amazing gigaom site whose founder partner main vc backer shutting due lack new f,0,0,0,0,1,0,0,2,pos
schlomo vcs taking designer ux guy yes guys next journos capital sees need expression sell,0,0,0,0,0,0,0,0,neg
rt schlomo feels newteevee gigaom general great things sad see go predict journos join vc,0,1,0,0,0,0,0,1,pos
phpress markmilian woman model says something,0,0,0,0,0,0,0,0,neg
phpress markmilian yeah really point markmilian making white chick years mostly white dudes,0,2,0,0,2,0,0,2,pos
room organized feminist convo post miss representation screening women guys guys definitely taking least airtime,0,0,0,0,0,0,0,0,neg
rt markmilian christy turlington first woman stage apple event years last jen herman appeared w pincus,0,0,0,0,0,0,0,0,neg
fraying tried kvetch shout tweetbot scrambled,1,0,0,0,0,0,1,0,neg
oh like pink vomiting walk girls aisles fb,0,0,0,0,0,0,0,0,neg
finally seeing miss representation must say surprised high school level filmmaking womenshistorymonth,0,1,1,0,1,0,2,3,pos
rt radar info many amazing things happening soon come meet danielhandler marikotamaki april booksmith http co jnazwnk,0,0,0,0,0,0,0,1,pos
fili krushel proposed installing troika female producers oversee show like lilith fair lauer complained,0,0,0,0,0,0,0,1,pos
cy choi yeah part room apple ipod,0,0,0,0,0,0,0,0,neg
pang look forward new one name film,0,0,0,0,0,0,1,0,pos
cy choi imagine easy fence,0,0,0,0,0,0,0,0,neg
around internationalwomansday wishing dudes see assualting behaviour terry richardson getting shots clouding work,0,0,0,0,0,0,0,0,neg
pang still show havent seen new ep since wison,0,0,0,0,0,0,1,1,pos
night good people fb,0,1,0,0,1,0,1,1,pos
rt desusnice moving hour forward daylight savings time like skipping ahead life mp http co qbecyzjgzg,0,1,0,0,0,0,0,0,pos
big carol kane fan seek hester street lead role always deserved fb,0,1,0,0,1,0,0,1,pos
somehow missed carol kane role rt katesherrill heathr recurring role gotham plays penguin mother,0,1,0,0,2,1,0,2,pos
carol kane cast unbreakable kimmy schmidt tv regular since taxi,0,0,0,0,1,0,0,1,pos
twitter suspended accounts harassers gehreg daughter gabby quickly spacekatgal femfreq deserve,1,1,0,0,1,0,0,2,pos
peterme required,0,0,0,0,0,0,0,0,neg
elissabeth aw thanks,0,0,0,0,0,0,0,0,neg
elissabeth game,0,0,0,0,0,0,0,0,neg
adamslisa,0,0,0,0,0,0,0,0,neg
sincere condolences adamslisa family friends xeni everyone grieving loss honest human voice,2,0,1,2,1,2,0,2,neg
jillsobule susanorlean ooh child every time cry every damn time,1,3,1,0,1,1,0,0,pos
rt mjb sf davidstreitfeld curious ellenpao room somehow difficult get along,0,0,0,1,0,0,0,0,neg
phpress yes interesting messages addressed deceased,0,0,0,0,0,1,0,0,neg
find interesting people event atheists worldwide write messages deceased twitter like giant wailing wall fb,0,0,0,1,0,1,0,0,neg
heading wise sons around pud sf mission peeps fb,0,0,0,0,0,0,0,0,neg
stevie wonder synthesizer doc tweeted via austinkleon,0,0,0,0,0,0,0,0,neg
stewart mathowie guys working together oil painting giving odd feeling internet hope,1,2,1,1,2,1,2,2,pos
night good people fb,0,1,0,0,1,0,1,1,pos
uber scum lost cabbie lost drivers providing material way stand fb,0,1,1,0,1,2,0,1,neg
hear god made adam eve ruth naomi matching guatemalan vests fb,0,1,0,1,1,0,0,1,pos
rt ebekiel sad true one vc tells kpcb loses gender discrimination case less likely hire female partner ch,1,1,1,2,1,2,0,1,neg
rt freebsdgirl today happy announce online abuse prevention initiative created thequinnspiracy alexlifschitz amp sh,1,2,1,1,1,1,0,1,neg
interviewed w vc first got valley women site heidi roizen ann winblad much change ellenpao,0,0,0,1,0,0,0,0,neg
rt twilsontv vassallo told investigator nazre going way demonize ellenpao,0,0,0,0,0,0,0,0,neg
rt twilsontv investigator walking instances ellenpao told incl male dinners porn star discussions sex banter,0,2,1,0,2,0,0,2,pos
rt michellequinn pao ceo chegg kleiner folks talking marissa mayer hot maybe,1,0,0,0,0,0,0,0,neg
business needs art tells stories needs fb,0,1,0,0,1,1,1,0,pos
dirtbagg equality chance equally bad sit com,1,0,1,1,1,1,1,1,neg
rt lizgannes told quite likely ellen pao testify afternoon starting,0,0,0,0,0,0,0,0,neg
also lgbt folks oppose state sanctioned discrimination let cocacola homedepot delta ga know step,1,0,1,1,0,1,0,0,neg
atlanta one queerest cities country bills allowing lgbt discrimination must scary everyone,1,0,1,1,0,1,0,0,neg
feels like something right world name carolyn time asked fave comics burnett brilliant,0,2,0,0,1,0,0,1,pos
canada lucky cbc picked baroness von sketch show one brilliant comics seen carolyn taylor fb,0,1,0,0,2,0,1,2,pos
sheckygreen album enchanted cover display purposes,0,0,0,0,1,0,0,2,pos
best way know someone speak group people quickness tell,0,0,0,0,0,0,1,0,pos
tanehisicoates long way go huge percentage homeless suicidal teens queer housing employment street safety,2,2,2,2,0,2,0,0,neg
tanehisicoates yep lgbt movement completely intertwined w movements took suffrage civil rights wave feminism,0,0,0,0,0,0,0,0,neg
last prince related tweet via jessewashington also heads anildash seen bb pic,0,0,0,0,0,0,0,1,pos
rt lsblakk think tech take homelessness housing crisis new office buildings sf homelessnes,0,0,0,0,0,0,0,0,neg
ruthannharnisch thrilling see footage many admire name thanks funding,0,1,0,0,1,0,1,1,pos
saw beautiful angry tonight love women worked could much inc harnischfound ruthannharnisch,1,0,1,0,2,0,0,0,neg
used flywheel nice safe feeling regulated cab,1,1,1,1,2,1,1,2,pos
everyone make decade without glasses day water bottle,0,0,0,0,0,0,0,0,neg
leigh justin look tweet,0,0,0,0,0,0,0,0,neg
incredibly grateful college education chance play hockey come us level debt today insane,1,0,0,1,0,1,1,1,neg
interesting thing tavitulle said ronnaandbeverly plan going college seems smart,0,1,0,0,0,0,0,0,pos
hmmm searching someone name twitter used show mentioned takes user profiles,0,0,0,0,0,0,0,1,pos
get pope tapping toe sf opera house sites albino mind fb,1,1,0,1,1,1,1,1,pos
ddukes like finished lacrosse practice young,0,1,0,0,1,0,1,0,pos
finally watched sweet smell sucess great movie closer silicon valley social network imo,1,3,2,0,2,0,2,2,pos
documentally,0,0,0,0,0,0,0,0,neg
rt peterbeinart donnabrazile paulbegala aipac aipac defends israel right hold millions w basic rights west bank right,0,0,0,0,0,0,0,1,pos
rt sonykapoor hey bibi speak american jews amp americans want war iran full page ad nyt http,0,0,0,1,0,0,0,0,neg
rt artemis ff thing women yet learn nobody gives power take roseanne barr therealroseanne http,0,0,0,0,0,0,0,0,neg
ubiquity thanks bit like lightness,0,0,0,0,0,0,0,0,neg
ubiquity question remains bmw vintage,0,0,1,1,0,0,0,1,neg
ubiquity let know see one lots streets bay area,0,0,0,0,0,0,0,0,neg
ubiquity ha kept thick thin years east coast storing keep eyes another,0,0,0,0,0,0,0,0,neg
ubiquity someone likes honda four,0,0,0,0,0,0,0,0,neg
ubiquity thanks sharing latest morningjewshow wark acker vintage bmw recommend,0,0,0,0,0,0,0,1,pos
mulegirl headspace best emotionally savvy designed apps services found meditation,0,0,0,0,1,0,0,1,pos
stealthissingul thanks ru discussion,0,0,0,0,0,0,0,0,neg
ibogost yep really good fun,0,2,0,0,2,0,1,1,pos
ibogost laurakipnis prefer culture works emotional skills mental health early law suits,0,0,0,0,0,0,0,2,pos
ibogost laurakipnis lover pith hunk piece finds refuge complicated reality emotional landscape,0,1,0,0,1,0,0,2,pos
ibogost laurakipnis school sued even get grievance board yes lots olds freeze afraid uncertain,2,1,2,2,0,1,1,1,neg
ibogost laurakipnis reviewer lots cases decades ago yale sexual harassment grievance board always probs,1,1,1,0,0,1,0,0,neg
ibogost laurakipnis surprised campuses went dating approach bc liab ages ineffectively dealing w problem,0,0,0,1,0,1,1,0,neg
ibogost laurakipnis kipnis thinks students today like answer problem,0,0,0,1,0,1,0,0,neg
second umairh recommendation please read matthewstoller twitter essay recent stream small biz destruction greece,1,0,0,0,0,0,0,0,neg
rt umairh strongly rec read matthewstoller weekend tweet storms agree one serious thinkers politi,0,0,0,0,0,0,0,0,neg
rt matthewstoller basic shape requests words get rid corruption wipe civic secto,1,0,1,0,0,0,0,0,neg
rt melissapierce think white men board unconscious bias think lazy stupid karaswisher,1,2,0,0,1,0,0,1,pos
ani difranco judy garland lesbians era lesbians met next morningjewshow ep fb,0,0,0,0,0,0,0,0,neg
know like try network business w vc founder met inappropriate sexual crap watching ellen pao case,1,1,2,1,0,2,0,0,neg
brainpickings never forget wonderful hands sounds like affair flirtation,0,0,0,0,1,0,1,1,pos
losertakesall llama wearing gold dress llama showy,0,0,0,0,0,0,0,0,neg
pretty sure us could go war show upper right news headlines facebook unless kardashian involved,0,1,0,1,1,0,0,2,pos
r bl rd llamawatch,0,0,0,0,0,0,0,0,neg
r bl rd arrange llamas winamp,0,0,0,0,0,0,0,0,neg
response get netneutrality question rt paulschreiber heathr four million comments,0,0,0,0,0,0,0,0,neg
fcc ruled net utility phew surprised relieved someone explain corruption get,0,0,1,0,0,0,1,1,pos
mattthomas please,0,0,0,0,0,0,0,0,neg
thinking jimmy fallon goes home tapings puts joni mitchell blue nin takes sylvia plath,0,0,0,0,0,1,0,0,neg
dearsarah moral gtd,1,0,0,0,0,0,0,1,neg
chrisgeidner bring bowers anymore cc ellenpapadakis,0,0,0,0,0,0,0,0,neg
winning joy discrete purity cannot replaced anything else bart giamatti fb,0,1,1,0,2,1,2,1,pos
rt yokymatsuoka time nest incredible amazing team excited join flock twitter vp technology,0,2,0,0,1,0,1,3,pos
elonjames love see gay men get involved feminist organizing problem asking asked straight folks marriage,0,1,0,1,2,1,0,1,pos
elonjames got impression impulse course say meant said critiqued,0,0,0,0,0,0,0,0,neg
elonjames speaker gets men love women romantically say whole sentence coherent probs,1,1,1,1,1,1,0,0,neg
elonjames seems someone starts women men love women gay people impulse say gay people bc,0,0,0,0,1,0,0,0,pos
elonjames yeah talking read start dismissing critiques trying follow,0,1,0,0,0,0,0,0,pos
elonjames lgbt rights subset feminist movement civil rights fighting discrimination based restricting gender swimmamum,2,0,1,1,0,1,0,0,neg
elonjames begining sentence women men love women gay people,1,1,1,1,1,1,0,0,neg
elonjames read mention gay people way inclusive saying women men love women swimmamum,0,0,0,0,1,0,0,0,pos
noakushner lululemon story disturbing bikrams guess anything people look salvation attracts opportunists,0,1,0,0,1,0,1,1,pos
dougmcgray calsunday pretty come packaged breakfast nook indirect ray sunshine,0,1,0,0,2,0,0,1,pos
mallelis always tell sports bar dudes fuck someone talk feelings get back,0,0,0,0,0,0,0,0,neg
rt om mobile accounts youtube watch time overall views jpmorgan mobile stats goog http co lz,0,4,0,1,0,0,0,1,pos
rt iyanlavanzant love simple make hard trappings expectations demands,0,0,0,0,1,0,0,0,pos
michellequinn ooh get spare day tempted join live tweeting pao v kpcb would blast,1,0,0,1,0,0,1,0,neg
fast click short attention web ie facebook buzzfeed driven capital investor demand much tech,1,0,0,0,0,0,0,0,neg
quince find answer hamentaschsen question,0,0,0,0,0,0,0,0,neg
rt jenashtep http co ctuezz u p,0,0,0,0,0,0,0,0,neg
rt ibogost heathr anildash two unicode char wide aggregates made original race modifier,0,0,0,0,0,0,0,0,neg
anildash maybe change iphone contacts icon still desktop dude phone ios gender,0,0,0,1,0,0,0,0,neg
anildash bad news look like female equivalents hope wrong emoji osx,1,1,1,1,1,1,1,1,neg
tomcoates thanks convo,0,0,0,0,0,0,0,0,neg
tomcoates relying inequality many kinds esp immigrant labour unpaid work,2,0,0,2,0,2,0,0,neg
tomcoates subversive challenging harder time finding public footing bc systemically whole thing,1,2,0,0,0,0,1,1,pos
tomcoates like wag fingers middle east without looking mirror think economic issues way,0,0,0,0,0,0,0,0,neg
tomcoates races sexualities need focus wage equality need badly true disgrace us,1,0,1,0,1,2,0,1,neg
tomcoates listening entire comments context movie poor women single mums elderly women,0,0,0,0,0,0,0,0,neg
tomcoates numbers insane people mostly privilege sense looking pattyarquette tweets,1,0,0,1,0,0,0,0,neg
tomcoates women rights gotten separated degree think debate pretty alive tech hollywood stuff,0,2,0,0,2,0,0,2,pos
tomcoates recent popular focus political success makes sense course separate everything perfectly,0,1,0,0,1,0,0,0,pos
tomcoates huh hear solved say easily read though seems accurate,0,0,0,0,0,0,0,1,pos
tomcoates tomcoates genders got lot,0,0,0,0,0,0,0,0,neg
tomcoates lesbian bi womens issues routinely given short shirft various reasons including face way fewer us,0,0,1,0,0,1,0,0,neg
tomcoates historically difficulty organizing way round beginning never ending acronym happened bc,1,0,0,1,0,1,0,0,neg
tomcoates disagree,1,0,0,0,0,0,0,0,neg
tomcoates going generous im open critiques,0,0,0,0,1,0,0,1,pos
tomcoates larger point wage equality continued wd gay movement wo feminism think separated,0,0,1,0,1,0,1,2,pos
tomcoates end day kind moment give chance public learning also hope,0,2,0,0,2,0,2,2,pos
tomcoates phrase began women american includes women colours lesbians trans women anyone ids woman,0,0,0,0,0,0,0,0,neg
tomcoates yeah problem agree w critique sure,0,0,0,1,0,1,0,0,neg
tomcoates queer struggles gender struggles,0,0,0,0,0,0,0,0,neg
tomcoates queer beef w statement oddly sounds like kind alternative kobe beef,0,0,0,0,1,0,0,2,pos
larger call equal rights amedment wageequality women hope picked worked,0,1,1,0,1,0,2,2,pos
addressing race wage inequality feed mean critiqued means sure,1,0,0,1,0,1,0,0,neg
neither intent said women america men love women gay people pattyarquette,0,0,0,0,1,0,0,0,pos
yeah critique made stuff get lgbt beef far see patriciaarquette,0,0,0,0,0,0,0,0,neg
twitter short write full watch speech arquette intent looks inclusive gay men inclusive,0,1,0,1,0,0,0,0,neg
rt billdixonish really bad place musical culture super surprised pop stars sing songs,2,2,1,1,2,3,3,2,pos
yayfiona thx tip,0,0,0,0,0,0,0,0,neg
thought average movie job breakdown days rt nelson waxpancake boy smurfs girl smurf reality grim,1,2,2,1,0,1,0,0,neg
katelosse thing post willing print op ed woman responding wadhwa,0,0,0,0,0,0,0,0,neg
rt desusnice african american sniper would great sequel solve ton problems next years oscars,0,1,0,0,0,0,0,0,pos
rt brendohare saw neil patrick harris suitcase bit oscars knew wanted comedy biggest comed,0,0,0,0,0,0,0,0,neg
era night good people fb,0,1,0,0,1,0,1,1,pos
skeskali jbrotherlove webinista look statement presume give shit abt anyone look like,1,0,1,0,0,0,0,1,neg
skeskali jbrotherlove webinista one cd look call intersectionality men kinds work equal pay wmn,0,1,0,0,1,0,0,1,pos
skeskali jbrotherlove webinista woman colours need deserve gender equality worked many movements,1,1,0,0,1,0,0,2,pos
skeskali jbrotherlove webinista know sister trans right think language sloppy generous reading wd,0,0,1,0,1,0,0,1,pos
unexpectedly political oscars still managed amazing amount obvious closeting domestic abuse presenters fb kthalps,1,0,1,1,0,1,1,1,neg
travolta wig gonna get beards fb,0,0,0,0,0,0,0,0,neg
rt lauren galik think said criminal justice system oscars obama state union address,1,0,1,1,0,0,0,2,neg
rt julieklausner travolta wearing chain bottom using connect scrotum weight belt,1,1,1,2,1,2,1,1,neg
rt followernodad want maria bamford host oscars,0,0,0,0,0,0,0,0,neg
rt walterkirn hollywood proved tonight racist attempting prove far many times theoscars,0,0,0,0,0,0,0,0,neg
rt hemjhaveri people losing shit patricia arquette saying women deserve equal rights like low rig,3,1,1,0,0,1,0,1,neg
harold ramis thanks ashley glad wrong nothisisashley heathr last year,0,1,0,0,1,0,0,0,pos
rt kathygriffin john travolta stop hugging people someone going get caught necklace,0,0,1,0,0,0,0,0,neg
rt kimmasters barclaysaul kimmasters harold ramis either,0,0,0,0,0,0,0,0,neg
rt phoenix atl wow wtf u going acknowledge joan rivers academyawards shadeattheoscars http co lz kdd c,0,0,0,0,0,0,0,0,neg
rt poniewozik would love hear joan rivers routine getting left memoriam reel,0,0,0,0,1,0,0,1,pos
rt dearsarah actuallynph st oscars host consistently amp comedically sexually objectify men amp rather focusing,0,0,0,0,0,0,0,0,neg
rt timfederle taylor negronactor http co r eslpckq,0,0,0,0,0,0,0,0,neg
caissie directed rabbittest totally wrong,0,0,0,0,0,0,0,0,neg
rt puddinstrip taylor negron cut memoriam make room neil patrick harris underwear bit oscars,0,0,0,0,0,0,0,0,neg
rt realleadelaria elaine stritch montage wtf,0,0,0,0,0,0,0,0,neg
rt mashable pattyarquette another award speech http co bqgjczkgx,0,1,0,0,1,0,1,1,pos
rt melsil women film business know work insanely sexist industry takes serious guts call,0,0,0,0,0,0,0,0,neg
rt ryanghinds heathr look talking serial mom muppet take manhattan wtf,0,1,0,0,0,0,0,0,pos
rt motokorich pattyarquette called clean water around world,0,0,0,0,1,0,0,1,pos
rt mmflint god bless patricia arquette great actor brilliant citizen admiration millions much love,0,3,0,1,5,0,0,4,pos
rt biancaconsunji fuck yeah patricia arquette,0,0,0,0,0,0,0,0,neg
rt officialjld yup pattyarquette,0,0,0,0,0,0,0,0,neg
rt cd clifford gotta trend pattyarquette instead patriciaarquette give love straight,0,0,0,0,1,0,0,0,pos
rt pattonoswalt patricia caused streep jlo voltron doomed oscars,0,0,0,1,0,1,0,0,neg
rt markennis carried http co tmnbc lsg,0,0,0,0,0,0,0,0,neg
mulegirl gif goes right default screens,0,0,1,1,0,1,0,0,neg
rt mulegirl ok patricia arquette brought globes level madness meryl streep right gif use slac,1,0,0,1,0,0,0,1,neg
rt annehelen quite articulate much patricia arquette speech meant effectively amp concisely use platform,0,0,0,0,0,0,0,0,neg
rt rgay love meryl jumped ride die,0,0,0,1,1,1,0,0,neg
rt jsmooth love patricia love speech wonder anonymous oscar voter thought patricia speech also stirring,0,1,0,0,2,0,0,0,pos
rt smrtgrls screaming screen pattyarquette speech incredible could imagined wageequality,1,0,1,1,0,0,0,0,neg
alicetiara tomcoates victoriaastacey disagree w guys one great character unfinished script weakest lasseter backed film,1,0,0,0,0,0,0,0,neg
tiffanyshlain meshugenah equal pay enough ppact pattyarquette oscars,0,1,0,0,1,0,0,1,pos
rt tiffanyshlain cried speech ppact pattyarquette time wage equality equal rights women america,0,1,0,0,1,0,0,1,pos
rt emmaladyrose patricia arquette swooped oscars like sexism fighting vigilante,1,0,0,0,0,0,0,0,neg
rt thesamhita know better patricia demanding equal wages women meryl reaction oscars,0,0,0,0,1,0,0,0,pos
f x thank,0,0,0,0,0,0,0,0,neg
rt bookbrats gifed http co sfamqkwgbw,0,0,0,0,0,0,0,0,neg
big hero crappy unfinished movie deserve sure marketed best oscars fb,1,2,0,0,1,0,1,2,pos
rt rgay accept oscar equal rights women equal pay comfortable bras,0,1,0,0,1,0,0,1,pos
rebeccaodes fuck yeah hair week messy ponytails,0,0,1,0,0,0,0,0,neg
rt rebeccaodes yes yes yes patricia arquette messy ponytail reading glasses call revolution oscars,1,1,1,1,0,1,1,0,neg
rt coreythrace making use time benefit rest us thank patricia arquette oscars,0,1,0,0,0,0,0,0,pos
rt kathlanpher could love patriciaarquette want gif meryl streeps fist pump oscars,0,0,0,0,1,0,0,0,pos
rt annehelen fucking patricia love,0,0,0,0,1,0,0,0,pos
rt janegrl inc wage equality love patricia arquette oscars,0,0,0,0,2,0,0,1,pos
rt elissaschappell yayayayayayayayayayayayayayayayayayayayayayayayayayayayayyayayayayayayayayayyayayayayayayayayayayayyayayayayay patrici,0,0,0,0,0,0,0,0,neg
sandymaxey know know,0,0,0,0,0,0,0,0,neg
rt capehartj patricia arquette accepted party nomination president oscars,0,0,0,0,0,0,0,1,pos
rt rachelsklar time wage equality amp equal rights women united states america patricia,0,1,0,0,1,0,0,2,pos
rt ladypjustice time wage equality equal rights women united states america patriciaarquette oscars,0,1,0,0,1,0,0,2,pos
sharing feminist feed blowing pattyarquette love time equality,0,1,0,0,2,0,0,1,pos
rt annehelen ethan crying love,0,0,0,0,1,1,0,0,neg
rt lizzwinstead patricia arquette drop mic oscars,0,0,0,0,0,0,0,0,neg
rt sandrabernhard go patriciaargquette let revolution begin fantastic feminist rant brilliant,1,2,0,1,1,1,1,1,pos
rt estherbreger need gif meryl streep jennifer lopez cheering wage equality,0,0,0,0,2,0,0,1,pos
rt neginfarsad patricia arquette presidential nominee oscars,0,0,0,0,0,0,0,0,neg
rt dorothysnarker ok fine watch csi cyber feminist realness served lezwatchoscars oscars,0,1,0,1,0,0,0,0,neg
rt melissagira loving everything patricia right earlier talking eating bark,1,0,0,0,1,0,0,1,pos
rt karenkilgariff fuck yes patricia arquette get feet white shits,0,1,0,0,1,0,0,1,pos
wild deserved nominated best film saw year laura dern breathtaking,0,0,0,0,0,0,1,0,pos
sandymaxey wait real joke hit reality,1,1,0,0,0,0,0,1,pos
music promises kelly mcgillis take breath away ask lesbian lover making jams jellies ptown,0,1,1,0,2,2,0,1,pos
rt mattthomas bradley cooper thing people treat actual veteran,1,1,1,1,1,1,1,2,pos
emilynussbaum clue shout amazing putting gay writing team,1,1,0,0,0,0,1,1,pos
hey hired chorus oscars fb,0,0,0,0,0,0,0,0,neg
sf e bay pals want witty lesbian oscar watching company,0,0,1,0,1,1,0,0,neg
rt ianbremmer muslims link hands ring peace around jewish synagogue oslo best news europe year http co cns,0,1,0,0,1,0,0,1,pos
oh hand therapy country much packaging fb,0,0,0,0,0,0,0,0,neg
libbyformayor success supe dankalb trying deal w ongoing noise oakland tech prob anyone else suggest,0,3,0,0,2,0,1,2,pos
sethrudetsky emilynussbaum inviting morningjewshow together separate choice dm set game,0,1,0,0,1,0,1,1,pos
mallelis oh yeah bring jumpsuit back rouge cheekbones hard,0,0,0,0,0,0,0,0,neg
desertfan thank lovely company,0,1,0,0,1,1,1,1,pos
mjb sf rodbegbie would room participates includes assigning editors marytrigiani,0,0,0,0,0,0,0,0,neg
ninavizz lot variance bunch people also see see spreads spreading changes joined reality gaslit,0,0,0,0,0,0,0,0,neg
ninavizz gaslighting requires narrative conformity takes one enlightened witness cite alice miller help feel sane,0,0,0,0,0,0,0,2,pos
ninavizz quite exciting thing torn pure comic anthro takes time dive tomorrow,0,3,0,0,1,0,1,0,pos
indications winds blowing ninavizz heathr public private breaks gale wind snuff gaslighting bring,0,1,0,0,0,0,0,0,pos
ninavizz unsure feels unfair last tweets start pondering larger context around thing,1,1,2,0,0,1,1,1,neg
ninavizz talking way communicating conditions used changing w dhwa todo shows,0,0,0,0,0,0,0,0,neg
ellen pao suit v kpcb may noodle much larger w dhwa moment instructive,0,0,1,0,0,0,1,1,pos
patriarchal shmutz valley stuff relies public private split old notion authoritah cracking,0,1,0,0,0,0,0,1,pos
small w dhwa debacle gets public private shifts feminism set ground work means many pov harder control official line,0,1,0,1,0,1,0,2,pos
like katelosse technique spelling w dhwa want explore stuff making pieces possible systemic bit,0,1,0,0,0,0,0,0,pos
rt marshallk know twitter exist build really good blog search engine,0,1,0,0,1,0,1,1,pos
aminatou yeah heading interesting moment maybe condescension women deal w regular bit clearer,1,1,1,0,1,1,1,1,pos
every woman married guy fame parenting expert,0,0,0,0,0,0,0,1,pos
nice stand set little bit kurt amp mike packed house haight full v polite millenials thanks v much fb,0,0,0,0,0,0,0,0,neg
shailadewan posting coates fave writer read online every sentence meal easy read amazing,1,1,1,1,0,1,0,0,neg
narrative elegant trojan horse daring radical ideas could explode storm great city tanehisicoates,2,0,0,1,1,1,1,1,neg
stcymsn ask bonhamcentresds scholarship bdsm kink consent cc dearsarah,0,0,0,0,1,0,0,0,pos
dentists half nose numb make interesting morningjewshow fb,0,0,1,0,0,0,0,0,neg
sarahbeee interested project like include presentation pitch coaching would interested participating,0,0,2,0,0,2,0,0,neg
guy class wait martin short host ask permission take idea half wits sctv big news,0,1,0,0,0,0,0,0,pos
best part normmacdonald brilliant tweets precise storytelling great comedy lessons jeopardy sketch,0,2,0,1,1,0,0,1,pos
sure seems theres closeted weirdness yes cosby deserves kinds condemnation none anything w murphys comedy call,1,1,1,1,0,1,0,0,neg
think comic decide eddie murphy one best think know better,0,0,0,0,0,0,0,0,neg
salon etc decided comedy geniuses need tell eddie murphy comedy choices make,0,0,0,0,0,0,0,0,neg
rt niccagematch one movie ever coughed lived,0,0,0,0,0,0,0,0,neg
benjammingh tayhatmaker odd lifestyle choice need protect children,0,0,0,0,0,0,0,0,neg
heterosexuals going asked account shades grey movie,0,0,0,0,0,0,0,1,pos
jordygold cool,0,0,0,0,0,0,0,0,neg
rt katiesimpsonctv release toronto police officers charged sexual assault gang sexual assault http co f vdbuyvv,3,0,0,4,0,0,0,1,neg
rt worldstageto yes harbourfront centre theatre audience exploring set installation object lesson http c,0,2,0,0,0,0,0,1,pos
lgbt employment protection news huge thanks prof sylvia law feminism approach came hope upheld,0,1,0,0,1,0,1,2,pos
rt scottjohnson recommend reading today tweets normmacdonald nice snl behind scenes happening,0,0,0,0,0,0,0,1,pos
normmacdonald great storytelling great rhythm thank,0,0,0,0,0,0,0,0,neg
rt normmacdonald created half dozen perfect comedies work ethic remarkable taste never taking answe,0,1,0,0,2,0,1,2,pos
rt normmacdonald mike myers incredible work ethic joke ever good enough must beaten must beaten,0,1,0,0,1,0,1,1,pos
rt normmacdonald without perfect take trebek maddened outright hostility connery faraway uninterest burt,1,1,1,0,1,0,0,1,pos
normmacdonald class,0,0,0,0,0,0,0,0,neg
night good people fb,0,1,0,0,1,0,1,1,pos
rt mulegirl hey working new project need help see notable example interface copy great awful send,1,0,1,1,1,1,0,1,neg
rt ethanz incredible finding poptechworks rds women living sro hotel troy ny working tech industry,0,0,0,0,0,0,0,0,neg
rt girlziplocked woman founder sexualized vc want talk podcast dm,0,0,0,0,0,0,0,0,neg
everyone get burning man tix spent week working together feed homeless folk sf cc joyce,1,1,1,1,0,1,0,0,neg
ddukes boo,0,0,0,0,0,0,0,0,neg
rt ninavizz heathr less college wunderkind dropouts recruited mostly white male droves participate accelerator programs,0,1,0,0,1,0,0,1,pos
rt k heathr first lulz,0,0,0,0,0,0,0,0,neg
think silicon valley becoming less environment emotional maturity really curious hear fb,0,0,0,0,0,0,0,0,neg
keating mazel,0,0,0,0,0,0,0,0,neg
ayeletw tempting,0,0,0,0,0,0,0,0,neg
rt adriarichards whoa never thought see twitter survey abuse harassment online http co wnuoxfo v,1,1,1,1,0,1,0,0,neg
medialab mit joi sorry loss also hope school stars calling dustin smith partner partner companion,1,1,0,1,2,1,1,4,pos
space helmet perfect sound face staring blackness sang science fiction df fb rhps,0,1,0,2,1,1,0,1,neg
vinodsreeharsha thanks vinod,0,0,0,0,0,0,0,0,neg
kevinlferguson read,0,0,0,0,0,0,0,0,neg
go spacesuit fb,0,0,0,0,0,0,0,0,neg
joyce idea know monks st anthony know whole lot wonderful,0,0,0,0,1,0,1,1,pos
joyce imagine homelessness sf everyone home known others cared,0,0,0,0,0,0,0,0,neg
joyce would like see tech developed w question mind helping us get closer world farther,0,0,0,0,0,0,0,0,neg
joyce work backward listened rabbi talk last night actually bold believe,0,0,0,0,0,0,0,0,neg
joyce expert help spec would ideal situation everyone w adequate home food health care spec,0,0,0,0,1,0,0,2,pos
joyce thanks thought question bike ride guess way design anything b w heart imagination,0,1,0,0,0,0,1,0,pos
joyce early st anthony monks told us homeless folks sf imagine fewer,1,1,1,1,0,1,0,0,neg
kevinlferguson believe simpsons mentioned book neither came convo ani difranco,0,0,0,0,0,0,0,0,neg
rt harmonbrew hotincleveland sarahkendzior uppastryplate jenna bush today show even worse swear hire eva braun,0,1,0,1,1,1,0,3,pos
rt harmonbrew hotincleveland sarahkendzior uppastryplate pay establishment wants hear chelsea clinto,0,1,0,0,1,0,0,1,pos
rt mikevardy rt caspertek killer free app week starbucks http co bvwinrht,0,0,0,0,0,0,0,0,neg
trying come good pm dessert place cozy hotel restaurant bar sf birthday tomorrow ideas fb,0,3,0,0,2,0,2,1,pos
taped enjoyable morningjewshow convo mckenziewark encounter correspondence kathy acker,0,1,0,0,0,0,0,0,pos
apple opportunity enter market make much bigger changes existing us car makers margin,0,1,0,0,0,1,0,0,neg
lets face american car design sad bit excepting recent tesla changes,0,0,0,0,0,0,0,0,neg
could start scratch w digital experience hardware software integration advantage ease margin,0,1,0,0,0,1,0,0,neg
apple seemed like bit switzerland long could get past consent decree w apple records music,0,1,0,0,1,1,0,0,pos
apple working music existing players industry seemed conflicted making ux biz model leap,0,0,0,0,1,1,0,0,neg
apple would design car reasons ipod itunes worked precursor bit tony fadells start,0,2,0,0,0,0,0,0,pos
rt johnfugelsang vegan willing come house make feel guilty life choices,1,0,0,0,0,1,0,0,neg
heerjeet younger jews even left israel,0,0,0,0,0,0,0,0,neg
rt heerjeet like godot messiah much anticipated jewish move right something always arriving never,0,0,0,0,0,0,0,0,neg
heerjeet dreams,0,0,0,0,0,0,0,0,neg
kevinmarks yes n america,0,0,0,0,0,0,0,0,neg
ryanghinds end one really funny sad snl think heart head love,0,0,0,0,1,0,0,0,pos
trinity snl http co hanoj gnlf,0,0,0,0,0,0,0,0,neg
rt nycityalerts temp nyc single digits bryant park via maximusupinnyc http co bmruogj ep,0,0,0,0,0,0,0,0,neg
think got cocks world kathy acker fb,0,0,0,0,0,0,0,0,neg
ellenpapadakis went apparently see last rt,0,0,0,0,0,0,0,0,neg
pouring one janeane garafalo wish snl,0,0,0,0,0,0,0,0,neg
rt sarahksilverman bill cosby unconscious coupler,0,0,0,0,0,0,0,0,neg
lorne michaels last guy job years fb snl,0,0,0,0,0,0,0,0,neg
julia sweeney get moment snk,0,0,0,0,0,0,0,0,neg
rt abbey bender pic gt snl http co pcuji twml,0,0,0,0,0,0,0,0,neg
would watch show mike myers dana carvey snl,0,1,0,1,0,0,0,1,pos
think anyone comedy influenced show snl,0,0,0,0,0,0,0,1,pos
showed eddie murphy snl,0,0,0,0,0,0,0,0,neg
jane curtin far still looks like person bless snl,0,1,0,0,1,0,0,1,pos
playing kristin wiig mum californians,0,0,0,1,0,0,0,0,neg
interested another private conversation gender man year one choose talk talk otr,0,0,1,0,0,1,0,0,neg
dismissing women experience public places power common seen even happening norm,0,1,0,0,0,0,0,0,pos
morning reminded gender gap life around understand common female experience huge,0,0,0,0,0,0,0,0,neg
seen anyone feed talking jewish dude shot standing guard bat mitzvah copenhagen care bout,2,0,0,2,0,1,1,1,neg
ignore yup yup thebreakfastclub ripjohnhughes,0,0,0,0,0,0,0,0,neg
selfie sticks talking stranger apparently terrifying trusting memory experience fb,0,0,0,1,0,0,0,0,neg
mattthomas response must surprise,0,0,0,1,1,0,1,0,pos
mattthomas whoa straight people done away pubic hair awhile,0,0,0,0,0,0,0,0,neg
rt susie c wonder deep satire fits age polarized sincerity far right amp left agree amp notice make fewer jo,1,0,0,0,0,0,0,0,neg
night good people hoping last thought sleep love fb,0,2,0,0,2,0,1,1,pos
ballet documentary worth seeing give much higher marks finding vivian maier though photographs incredible fb,0,0,0,0,0,0,0,0,neg
xeni find sharing grief also part heals,0,0,0,0,0,1,0,0,neg
larrybobsf thanks larry bob,0,0,0,0,0,0,0,0,neg
mulegirl thelancearthur cannot fave enough,0,0,0,0,0,0,0,0,neg
love love love fb,0,0,0,0,3,0,0,0,pos
stealthissingul yes interview w ken wark monday book affair correspondence love acker tidbits,0,1,0,0,1,0,0,0,pos
young people ask filmmaker writer tell look water fran lebowitz fb,0,1,0,0,1,0,1,0,pos
motownmamao camille never walk away part npd picture lizzwinstead,0,0,0,0,0,0,0,0,neg
lizzwinstead cosby numbers must high given already seen could almost start wire releases,0,1,0,0,0,0,0,0,pos
stealthissingul hi ru,0,0,0,0,0,0,0,0,neg
lived alone entire life idea accomplishment lesbian fran lebowitz f,0,0,1,0,0,1,0,0,neg
ninavizz replacement announced yet,0,0,0,0,0,0,0,0,neg
entertainment biz presumed women watch identify w male protagonists reverse possible ibelieved yet fb,0,2,0,1,1,0,1,1,pos
daily show w yo males comedy central hire woman host corp presume demo move fb,0,2,0,0,1,0,0,2,pos
prepping interview mckenziewark mon short love writing affair w kathy acker acker fans pls send questions,0,0,0,0,1,0,0,0,pos
tiffanyshlain use password agile works well,0,0,0,0,0,0,0,0,neg
rt wadhwa point demand podcast taken engage legal action asked reinstated co,1,0,0,0,0,0,0,1,neg
berkun bingo almost everything industry changing world less would like afford admit,0,0,0,0,0,0,0,0,neg
lenovo care hiring ambassador sexism tech unless goal marketing milashtonfan,0,0,0,0,0,0,0,1,pos
milashtonfan certainly presumes supposed audience many tech co lenovo,0,1,0,0,0,0,0,0,pos
dearsarah truth defense wadhwa,1,1,0,1,0,0,0,1,neg
nothing pushed block people much podcast jewish stuff ask death violence wishes fb,2,1,1,2,0,2,1,0,neg
idea would spokesperson jews seems incredibly goyishe prepping next morningjewshow fb,0,0,0,0,0,0,0,0,neg
thing making impossibility writing anything funny funny check last tweet links lgbt,0,0,0,0,0,0,0,0,neg
rt bijancbayne jbouie tanehisicoates reilly giuliani say blacks never discuss social ills accountability know,0,0,0,0,0,0,0,1,pos
ameliagreenhall think also failure laziness media events work really examine issues beyond,0,0,1,1,0,1,0,0,neg
also right wadhwa pieces tech industry fixing diversity problem much meaningful reporting,0,0,0,1,0,1,0,0,neg
ameliagreenhall wish also covered large publications media conferences going expert,0,0,0,0,0,0,0,1,pos
rt dearsarah npr amp tldr caved wadhwa childish threats amp helping silence women asked years stop,0,0,0,0,0,0,0,0,neg
night good people fb,0,1,0,0,1,0,1,1,pos
rt benjaminnorton gathered vigil tonight chapel hill honor muslim americans killed chapelhillshooting h,0,1,0,0,0,0,0,1,pos
weezus also spent high holiday sermon laying attacks gaza purely wrong unjewish,0,1,0,0,1,0,0,2,pos
weezus seems really mean say condescend incredibly smart inclusive willing,0,0,0,0,0,0,0,0,neg
rabbi awesome sentence never thought write,1,2,1,1,0,1,0,0,neg
succinct oh corporate works enables rewards mental illness fb,0,0,0,1,0,1,0,0,neg
rt neb wait facebook graph search frikken gone slurping info structuring giving back,0,1,0,0,0,0,0,0,pos
sure misremember work journalists fact checkers paid pay attention say brianwilliams,0,1,0,0,1,0,0,2,pos
alexismadrigal interested knowing subvert subvert etc,0,0,3,2,0,3,0,0,neg
cameronesposito pesticide ridden might use,0,0,0,0,0,0,0,0,neg
arsetechnica would stop funny seconds,0,0,0,0,0,0,0,0,neg
anyone upset uma thurman face change write produce script middle aged woman fb,1,0,0,1,0,1,0,0,neg
rt ihatejoelkim personally ready gay president yet mostly prepared get asked know every membe,0,2,0,0,0,0,0,2,pos
rt cameronesposito believe wasted high school boobs men,1,0,1,0,0,0,0,1,neg
want listen regular political comedy show hosted women subscribe morningjewshow host w kthalps,0,1,0,0,0,0,0,1,pos
rt ruthannharnisch morningjewshow thedailyshow nu,0,0,0,0,0,0,0,0,neg
morningjewshow jon stewart replacement next choice margaretcho would awesome fb,0,0,0,0,0,0,0,0,neg
marikotamaki xo dirtbagg,0,0,0,0,0,0,0,0,neg
rt morningjewshow bat mitzvahs willing discuss possibility thedailyshow cc ruthannharnisch,0,1,0,0,0,0,0,0,pos
try determine speaks jews morningjewshow taping jon stewart announces dailyshow retirement coincidence,0,1,0,1,1,1,1,1,pos
working next morningjewshow guys shandehs bumming much need recent mensch good jews,0,1,0,0,1,0,1,1,pos
mattbors solo performer comic love way illustrated storytelling approach gives journalism power thanks,0,0,0,0,1,0,0,1,pos
susanorlean one need bmi sesac license sec planning upcoming morningjewshow,0,1,0,0,0,0,0,1,pos
ken goldberg response uma thurman new looks seems pretty uncanny valleyish think applies,0,1,0,1,1,0,1,1,pos
rt thejeffdavidson morningjewshow heathr jew speak one person possibly speak jews happily l,0,0,0,0,1,0,0,0,pos
susanorlean know needed make sure rights cleared music podcast,0,0,0,0,1,1,0,0,neg
rt morningjewshow netanyahu decided going speak representative entire jewish people speak,0,0,0,0,0,0,0,0,neg
best broadcast interviewer know kristatippet check beingtweets podcast,0,0,0,1,0,0,0,0,neg
nje distance fentons love place swell deserves word,0,0,0,0,1,0,0,1,pos
never imagined pizza would mean much fb,0,0,0,0,0,0,0,0,neg
toddlers circle taking turn middle grooving family special song cooldaycare fb,0,0,0,0,1,0,0,0,pos
night good people fb,0,1,0,0,1,0,1,1,pos
rt zefrank individual comprehend network node something complex,0,1,0,0,0,0,0,0,pos
rt ditzkoff thought could get something waffle house secaucus would melissa rivers accepts grammy,1,1,0,0,0,1,0,0,neg
rt jenperos joan rivers awarded posthumous grammy best spoken word album diary mad diva watchwithus,1,0,1,1,1,2,0,2,neg
tanehisicoates less prone projecting cause emotional pain onto someone less power try feel better,0,0,0,1,0,1,0,0,neg
ellenpapadakis thanks ellen actually cool interesting see work next show wish still videos,0,0,0,0,0,0,0,1,pos
oh brave thing want hear white man say wrong fb,0,1,0,0,1,0,0,1,pos
sadydoyle primary question business everything value beyond marketing manipulation,1,0,0,1,0,0,0,0,neg
rt sadydoyle primary question culture crit next years whether value journalism also mark,0,0,0,0,0,0,0,1,pos
escapist good health sending good vibes tell us hat day send worked mine,0,2,0,0,2,0,2,2,pos
owenthomas sure delighted next host cook new one,0,1,0,0,1,0,1,0,pos
owenthomas selling fey,0,0,0,0,0,0,0,0,neg
got gay divorced long island heart goes rosie,0,1,0,0,0,0,0,0,pos
wonderful rare experience today kind stranger helped stayed called others need help,0,0,0,1,2,0,1,2,pos
downstairs neighbour choose helping us fire game confirmed decision fb,0,0,0,1,0,0,0,1,neg
rt jsmooth fyi facebook account shut today jay smooth name used publicly years,0,0,0,0,0,0,0,1,pos
veen congrats trueventures,0,0,0,0,0,0,0,0,neg
ianrhett listening youtube filling heart god love voice,0,1,0,1,2,0,0,1,pos
ayadeleon congratulations,0,0,0,0,0,0,0,0,neg
sign times medical office yesterday long generic questionnaire asked either female male genital surgery,0,2,0,2,0,1,0,1,neg
